chr,start,end,pos,score
chr14,47450193,47450340,47450266,1.0
chr14,47450474,47450621,47450547,1.0
chr14,47450771,47450918,47450844,1.0
chr14,47450936,47451083,47451009,1.0
chr14,47451084,47451231,47451157,1.0
chr14,47451371,47451518,47451444,1.0
chr14,47451688,47451835,47451761,1.0
chr14,47452292,47452439,47452365,1.0
chr14,47452488,47452635,47452561,1.0
chr14,47452664,47452811,47452737,1.0
chr14,47452860,47453007,47452933,1.0
chr14,47453008,47453155,47453081,1.0
chr14,47453189,47453336,47453262,1.0
chr14,47453514,47453661,47453587,1.0
chr14,47453662,47453809,47453735,1.0
chr14,47453842,47453989,47453915,1.0
chr14,47454037,47454184,47454110,1.0
chr14,47454258,47454405,47454331,1.0
chr14,47454428,47454575,47454501,1.0
chr14,47454576,47454723,47454649,1.0
chr14,47454786,47454933,47454859,1.0
chr14,47454951,47455098,47455024,1.0
chr14,47455106,47455253,47455179,1.0
chr14,47455278,47455425,47455351,1.0
chr14,47455463,47455610,47455536,1.0
chr14,47455631,47455778,47455704,1.0
chr14,47455814,47455961,47455887,1.0
chr14,47455973,47456120,47456046,1.0
chr14,47456121,47456268,47456194,1.0
chr14,47456340,47456487,47456413,1.0
chr14,47456569,47456716,47456642,1.0
chr14,47456744,47456891,47456817,1.0
chr14,47456964,47457111,47457037,1.0
chr14,47457121,47457268,47457194,1.0
chr14,47457305,47457452,47457378,1.0
chr14,47457458,47457605,47457531,1.0
chr14,47457722,47457869,47457795,1.0
chr14,47458083,47458230,47458156,1.0
chr14,47458399,47458546,47458472,1.0
chr14,47458552,47458699,47458625,1.0
chr14,47458750,47458897,47458823,1.0
chr14,47458898,47459045,47458971,1.0
chr14,47459182,47459329,47459255,1.0
chr14,47459367,47459514,47459440,1.0
chr14,47459620,47459767,47459693,1.0
chr14,47459784,47459931,47459857,1.0
chr14,47459969,47460116,47460042,1.0
chr14,47460165,47460312,47460238,1.0
chr14,47460340,47460487,47460413,1.0
chr14,47460488,47460635,47460561,1.0
chr14,47460662,47460809,47460735,1.0
chr14,47460832,47460979,47460905,1.0
chr14,47461041,47461188,47461114,1.0
chr14,47461190,47461337,47461263,1.0
chr14,47461392,47461539,47461465,1.0
chr14,47461540,47461687,47461613,1.0
chr14,47461693,47461840,47461766,1.0
chr14,47462071,47462218,47462144,1.0
chr14,47462227,47462374,47462300,1.0
chr14,47462379,47462526,47462452,1.0
chr14,47462754,47462901,47462827,1.0
chr14,47462902,47463049,47462975,1.0
chr14,47463050,47463197,47463123,1.0
chr14,47463409,47463556,47463482,1.0
chr14,47463574,47463721,47463647,1.0
chr14,47463858,47464005,47463931,1.0
chr14,47464060,47464207,47464133,1.0
chr14,47464313,47464460,47464386,1.0
chr14,47464461,47464608,47464534,1.0
chr14,47464614,47464761,47464687,1.0
chr14,47464783,47464930,47464856,1.0
chr14,47464990,47465137,47465063,1.0
chr14,47465138,47465285,47465211,1.0
chr14,47465374,47465521,47465447,1.0
chr14,47465522,47465669,47465595,1.0
chr14,47465700,47465847,47465773,1.0
chr14,47465866,47466013,47465939,1.0
chr14,47466143,47466290,47466216,1.0
chr14,47466294,47466441,47466367,1.0
chr14,47466454,47466601,47466527,1.0
chr14,47466630,47466777,47466703,1.0
chr14,47466803,47466950,47466876,1.0
chr14,47467045,47467192,47467118,1.0
chr14,47467462,47467609,47467535,1.0
chr14,47467610,47467757,47467683,1.0
chr14,47467837,47467984,47467910,1.0
chr14,47467986,47468133,47468059,1.0
chr14,47468187,47468334,47468260,1.0
chr14,47468384,47468531,47468457,1.0
chr14,47468557,47468704,47468630,1.0
chr14,47468705,47468852,47468778,1.0
chr14,47468949,47469096,47469022,1.0
chr14,47469252,47469399,47469325,1.0
chr14,47469482,47469629,47469555,1.0
chr14,47469630,47469777,47469703,1.0
chr14,47469883,47470030,47469956,1.0
chr14,47470052,47470199,47470125,1.0
chr14,47470200,47470347,47470273,1.0
chr14,47470645,47470792,47470718,1.0
chr14,47470793,47470940,47470866,1.0
chr14,47470964,47471111,47471037,1.0
chr14,47471359,47471506,47471432,1.0
chr14,47471575,47471722,47471648,1.0
chr14,47471774,47471921,47471847,1.0
chr14,47471922,47472069,47471995,1.0
chr14,47472070,47472217,47472143,1.0
chr14,47472353,47472500,47472426,1.0
chr14,47472587,47472734,47472660,1.0
chr14,47472735,47472882,47472808,1.0
chr14,47473011,47473158,47473084,1.0
chr14,47473194,47473341,47473267,1.0
chr14,47473362,47473509,47473435,1.0
chr14,47473523,47473670,47473596,1.0
chr14,47473671,47473818,47473744,1.0
chr14,47473819,47473966,47473892,1.0
chr14,47474048,47474195,47474121,1.0
chr14,47474224,47474371,47474297,1.0
chr14,47474372,47474519,47474445,1.0
chr14,47474585,47474732,47474658,1.0
chr14,47475077,47475224,47475150,1.0
chr14,47475242,47475389,47475315,1.0
chr14,47475414,47475561,47475487,1.0
chr14,47475675,47475822,47475748,1.0
chr14,47475823,47475970,47475896,1.0
chr14,47475986,47476133,47476059,1.0
chr14,47476141,47476288,47476214,1.0
chr14,47476289,47476436,47476362,1.0
chr14,47476437,47476584,47476510,1.0
chr14,47476589,47476736,47476662,1.0
chr14,47476862,47477009,47476935,1.0
chr14,47477010,47477157,47477083,1.0
chr14,47477173,47477320,47477246,1.0
chr14,47477333,47477480,47477406,1.0
chr14,47477534,47477681,47477607,1.0
chr14,47477745,47477892,47477818,1.0
chr14,47477916,47478063,47477989,1.0
chr14,47478064,47478211,47478137,1.0
chr14,47478212,47478359,47478285,1.0
chr14,47478402,47478549,47478475,1.0
chr14,47478580,47478727,47478653,1.0
chr14,47478728,47478875,47478801,1.0
chr14,47478876,47479023,47478949,1.0
chr14,47479024,47479171,47479097,1.0
chr14,47479172,47479319,47479245,1.0
chr14,47479484,47479631,47479557,1.0
chr14,47479656,47479803,47479729,1.0
chr14,47479804,47479951,47479877,1.0
chr14,47480055,47480202,47480128,1.0
chr14,47480244,47480391,47480317,1.0
chr14,47480450,47480597,47480523,1.0
chr14,47480627,47480774,47480700,1.0
chr14,47480933,47481080,47481006,1.0
chr14,47481081,47481228,47481154,1.0
chr14,47481229,47481376,47481302,1.0
chr14,47481384,47481531,47481457,1.0
chr14,47481546,47481693,47481619,1.0
chr14,47481694,47481841,47481767,1.0
chr14,47481943,47482090,47482016,1.0
chr14,47482098,47482245,47482171,1.0
chr14,47482273,47482420,47482346,1.0
chr14,47482437,47482584,47482510,1.0
chr14,47482655,47482802,47482728,1.0
chr14,47482803,47482950,47482876,1.0
chr14,47482951,47483098,47483024,1.0
chr14,47483134,47483281,47483207,1.0
chr14,47483315,47483462,47483388,1.0
chr14,47483488,47483635,47483561,1.0
chr14,47483796,47483943,47483869,1.0
chr14,47483960,47484107,47484033,1.0
chr14,47484151,47484298,47484224,1.0
chr14,47484299,47484446,47484372,1.0
chr14,47484653,47484800,47484726,1.0
chr14,47484844,47484991,47484917,1.0
chr14,47485056,47485203,47485129,1.0
chr14,47485241,47485388,47485314,1.0
chr14,47485389,47485536,47485462,1.0
chr14,47485614,47485761,47485687,1.0
chr14,47485792,47485939,47485865,1.0
chr14,47486010,47486157,47486083,1.0
chr14,47486216,47486363,47486289,1.0
chr14,47486635,47486782,47486708,1.0
chr14,47486823,47486970,47486896,1.0
chr14,47486993,47487140,47487066,1.0
chr14,47487141,47487288,47487214,1.0
chr14,47487361,47487508,47487434,1.0
chr14,47487629,47487776,47487702,1.0
chr14,47488000,47488147,47488073,1.0
chr14,47488503,47488650,47488576,1.0
chr14,47488651,47488798,47488724,1.0
chr14,47488799,47488946,47488872,1.0
chr14,47489013,47489160,47489086,1.0
chr14,47489476,47489623,47489549,1.0
chr14,47489642,47489789,47489715,1.0
chr14,47489840,47489987,47489913,1.0
chr14,47490020,47490167,47490093,1.0
chr14,47490186,47490333,47490259,1.0
chr14,47490500,47490647,47490573,1.0
chr14,47490956,47491103,47491029,1.0
chr14,47491136,47491283,47491209,1.0
chr14,47491378,47491525,47491451,1.0
chr14,47491535,47491682,47491608,1.0
chr14,47491807,47491954,47491880,1.0
chr14,47491955,47492102,47492028,1.0
chr14,47492103,47492250,47492176,1.0
chr14,47492299,47492446,47492372,1.0
chr14,47492447,47492594,47492520,1.0
chr14,47493288,47493435,47493361,1.0
chr14,47493672,47493819,47493745,1.0
chr14,47493900,47494047,47493973,1.0
chr14,47494246,47494393,47494319,1.0
chr14,47494394,47494541,47494467,1.0
chr14,47494587,47494734,47494660,1.0
chr14,47494735,47494882,47494808,1.0
chr14,47494885,47495032,47494958,1.0
chr14,47495033,47495180,47495106,1.0
chr14,47495183,47495330,47495256,1.0
chr14,47495408,47495555,47495481,1.0
chr14,47495556,47495703,47495629,1.0
chr14,47495704,47495851,47495777,1.0
chr14,47495920,47496067,47495993,1.0
chr14,47496123,47496270,47496196,1.0
chr14,47496271,47496418,47496344,1.0
chr14,47496422,47496569,47496495,1.0
chr14,47496695,47496842,47496768,1.0
chr14,47496843,47496990,47496916,1.0
chr14,47497021,47497168,47497094,1.0
chr14,47497169,47497316,47497242,1.0
chr14,47497349,47497496,47497422,1.0
chr14,47497549,47497696,47497622,1.0
chr14,47497697,47497844,47497770,1.0
chr14,47497852,47497999,47497925,1.0
chr14,47498000,47498147,47498073,1.0
chr14,47498266,47498413,47498339,1.0
chr14,47498414,47498561,47498487,1.0
chr14,47498636,47498783,47498709,1.0
chr14,47498784,47498931,47498857,1.0
chr14,47498932,47499079,47499005,1.0
chr14,47499183,47499330,47499256,1.0
chr14,47499359,47499506,47499432,1.0
chr14,47499532,47499679,47499605,1.0
chr14,47499680,47499827,47499753,1.0
chr14,47499866,47500013,47499939,1.0
chr14,47500069,47500216,47500142,1.0
chr14,47500359,47500506,47500432,1.0
chr14,47500555,47500702,47500628,1.0
chr14,47500737,47500884,47500810,1.0
chr14,47501175,47501322,47501248,1.0
chr14,47501414,47501561,47501487,1.0
chr14,47501906,47502053,47501979,1.0
chr14,47502270,47502417,47502343,1.0
chr14,47502966,47503113,47503039,1.0
chr14,47503307,47503454,47503380,1.0
chr14,47503788,47503935,47503861,1.0
chr14,47504305,47504452,47504378,1.0
chr14,47504471,47504618,47504544,1.0
chr14,47504936,47505083,47505009,1.0
chr14,47505207,47505354,47505280,1.0
chr14,47505658,47505805,47505731,1.0
chr14,47505806,47505953,47505879,1.0
chr14,47505962,47506109,47506035,1.0
chr14,47506110,47506257,47506183,1.0
chr14,47506261,47506408,47506334,1.0
chr14,47506652,47506799,47506725,1.0
chr14,47506818,47506965,47506891,1.0
chr14,47506966,47507113,47507039,1.0
chr14,47507173,47507320,47507246,1.0
chr14,47507376,47507523,47507449,1.0
chr14,47507699,47507846,47507772,1.0
chr14,47507924,47508071,47507997,1.0
chr14,47508089,47508236,47508162,1.0
chr14,47508531,47508678,47508604,1.0
chr14,47508813,47508960,47508886,1.0
chr14,47509012,47509159,47509085,1.0
chr14,47509183,47509330,47509256,1.0
chr14,47509347,47509494,47509420,1.0
chr14,47509546,47509693,47509619,1.0
chr14,47509694,47509841,47509767,1.0
chr14,47509987,47510134,47510060,1.0
chr14,47510137,47510284,47510210,1.0
chr14,47510307,47510454,47510380,1.0
chr14,47510467,47510614,47510540,1.0
chr14,47510618,47510765,47510691,1.0
chr14,47510970,47511117,47511043,1.0
chr14,47511174,47511321,47511247,1.0
chr14,47511365,47511512,47511438,1.0
chr14,47511546,47511693,47511619,1.0
chr14,47511759,47511906,47511832,1.0
chr14,47512026,47512173,47512099,1.0
chr14,47512186,47512333,47512259,1.0
chr14,47512334,47512481,47512407,1.0
chr14,47512614,47512761,47512687,1.0
chr14,47512762,47512909,47512835,1.0
chr14,47512933,47513080,47513006,1.0
chr14,47513205,47513352,47513278,1.0
chr14,47513585,47513732,47513658,1.0
chr14,47513788,47513935,47513861,1.0
chr14,47513936,47514083,47514009,1.0
chr14,47514149,47514296,47514222,1.0
chr14,47514297,47514444,47514370,1.0
chr14,47514564,47514711,47514637,1.0
chr14,47514712,47514859,47514785,1.0
chr14,47515016,47515163,47515089,1.0
chr14,47515165,47515312,47515238,1.0
chr14,47515386,47515533,47515459,1.0
chr14,47515534,47515681,47515607,1.0
chr14,47515682,47515829,47515755,1.0
chr14,47515903,47516050,47515976,1.0
chr14,47516067,47516214,47516140,1.0
chr14,47516317,47516464,47516390,1.0
chr14,47516554,47516701,47516627,1.0
chr14,47516837,47516984,47516910,1.0
chr14,47517006,47517153,47517079,1.0
chr14,47517154,47517301,47517227,1.0
chr14,47517461,47517608,47517534,1.0
chr14,47517624,47517771,47517697,1.0
chr14,47517839,47517986,47517912,1.0
chr14,47518002,47518149,47518075,1.0
chr14,47518150,47518297,47518223,1.0
chr14,47518322,47518469,47518395,1.0
chr14,47518470,47518617,47518543,1.0
chr14,47518618,47518765,47518691,1.0
chr14,47518889,47519036,47518962,1.0
chr14,47519075,47519222,47519148,1.0
chr14,47519392,47519539,47519465,1.0
chr14,47519915,47520062,47519988,1.0
chr14,47520147,47520294,47520220,1.0
chr14,47520334,47520481,47520407,1.0
chr14,47520490,47520637,47520563,1.0
chr14,47520638,47520785,47520711,1.0
chr14,47520914,47521061,47520987,1.0
chr14,47521080,47521227,47521153,1.0
chr14,47521307,47521454,47521380,1.0
chr14,47521567,47521714,47521640,1.0
chr14,47521808,47521955,47521881,1.0
chr14,47521985,47522132,47522058,1.0
chr14,47522138,47522285,47522211,1.0
chr14,47522341,47522488,47522414,1.0
chr14,47522552,47522699,47522625,1.0
chr14,47522701,47522848,47522774,1.0
chr14,47522965,47523112,47523038,1.0
chr14,47523169,47523316,47523242,1.0
chr14,47523452,47523599,47523525,1.0
chr14,47523622,47523769,47523695,1.0
chr14,47523842,47523989,47523915,1.0
chr14,47524094,47524241,47524167,1.0
chr14,47524251,47524398,47524324,1.0
chr14,47524580,47524727,47524653,1.0
chr14,47524803,47524950,47524876,1.0
chr14,47525110,47525257,47525183,1.0
chr14,47525373,47525520,47525446,1.0
chr14,47525632,47525779,47525705,1.0
chr14,47525838,47525985,47525911,1.0
chr14,47525986,47526133,47526059,1.0
chr14,47526222,47526369,47526295,1.0
chr14,47526403,47526550,47526476,1.0
chr14,47526551,47526698,47526624,1.0
chr14,47526795,47526942,47526868,1.0
chr14,47526970,47527117,47527043,1.0
chr14,47527175,47527322,47527248,1.0
chr14,47527642,47527789,47527715,1.0
chr14,47527841,47527988,47527914,1.0
chr14,47528019,47528166,47528092,1.0
chr14,47528281,47528428,47528354,1.0
chr14,47528595,47528742,47528668,1.0
chr14,47529332,47529479,47529405,1.0
chr14,47529480,47529627,47529553,1.0
chr14,47529707,47529854,47529780,1.0
chr14,47529855,47530002,47529928,1.0
chr14,47530066,47530213,47530139,1.0
chr14,47530343,47530490,47530416,1.0
chr14,47530491,47530638,47530564,1.0
chr14,47530693,47530840,47530766,1.0
chr14,47530853,47531000,47530926,1.0
chr14,47531024,47531171,47531097,1.0
chr14,47531172,47531319,47531245,1.0
chr14,47531381,47531528,47531454,1.0
chr14,47531576,47531723,47531649,1.0
chr14,47531725,47531872,47531798,1.0
chr14,47531878,47532025,47531951,1.0
chr14,47532026,47532173,47532099,1.0
chr14,47532237,47532384,47532310,1.0
chr14,47532385,47532532,47532458,1.0
chr14,47532701,47532848,47532774,1.0
chr14,47533039,47533186,47533112,1.0
chr14,47533365,47533512,47533438,1.0
chr14,47533513,47533660,47533586,1.0
chr14,47533768,47533915,47533841,1.0
chr14,47533916,47534063,47533989,1.0
chr14,47534150,47534297,47534223,1.0
chr14,47534300,47534447,47534373,1.0
chr14,47534657,47534804,47534730,1.0
chr14,47534805,47534952,47534878,1.0
chr14,47535053,47535200,47535126,1.0
chr14,47535225,47535372,47535298,1.0
chr14,47535395,47535542,47535468,1.0
chr14,47535543,47535690,47535616,1.0
chr14,47535700,47535847,47535773,1.0
chr14,47535848,47535995,47535921,1.0
chr14,47536079,47536226,47536152,1.0
chr14,47536227,47536374,47536300,1.0
chr14,47536443,47536590,47536516,1.0
chr14,47536647,47536794,47536720,1.0
chr14,47536795,47536942,47536868,1.0
chr14,47536943,47537090,47537016,1.0
chr14,47537293,47537440,47537366,1.0
chr14,47537578,47537725,47537651,1.0
chr14,47537884,47538031,47537957,1.0
chr14,47538139,47538286,47538212,1.0
chr14,47538355,47538502,47538428,1.0
chr14,47538510,47538657,47538583,1.0
chr14,47538658,47538805,47538731,1.0
chr14,47538806,47538953,47538879,1.0
chr14,47539213,47539360,47539286,1.0
chr14,47539460,47539607,47539533,1.0
chr14,47539692,47539839,47539765,1.0
chr14,47539873,47540020,47539946,1.0
chr14,47540067,47540214,47540140,1.0
chr14,47540215,47540362,47540288,1.0
chr14,47540439,47540586,47540512,1.0
chr14,47540589,47540736,47540662,1.0
chr14,47541042,47541189,47541115,1.0
chr14,47541207,47541354,47541280,1.0
chr14,47541355,47541502,47541428,1.0
chr14,47541503,47541650,47541576,1.0
chr14,47541651,47541798,47541724,1.0
chr14,47541828,47541975,47541901,1.0
chr14,47541976,47542123,47542049,1.0
chr14,47542160,47542307,47542233,1.0
chr14,47542331,47542478,47542404,1.0
chr14,47542512,47542659,47542585,1.0
chr14,47542661,47542808,47542734,1.0
chr14,47542849,47542996,47542922,1.0
chr14,47542997,47543144,47543070,1.0
chr14,47543296,47543443,47543369,1.0
chr14,47543494,47543641,47543567,1.0
chr14,47543737,47543884,47543810,1.0
chr14,47543899,47544046,47543972,1.0
chr14,47544170,47544317,47544243,1.0
chr14,47544501,47544648,47544574,1.0
chr14,47544656,47544803,47544729,1.0
chr14,47544910,47545057,47544983,1.0
chr14,47545058,47545205,47545131,1.0
chr14,47545206,47545353,47545279,1.0
chr14,47545472,47545619,47545545,1.0
chr14,47545681,47545828,47545754,1.0
chr14,47545834,47545981,47545907,1.0
chr14,47546036,47546183,47546109,1.0
chr14,47546225,47546372,47546298,1.0
chr14,47546387,47546534,47546460,1.0
chr14,47546535,47546682,47546608,1.0
chr14,47546683,47546830,47546756,1.0
chr14,47546831,47546978,47546904,1.0
chr14,47547016,47547163,47547089,1.0
chr14,47547320,47547467,47547393,1.0
chr14,47547501,47547648,47547574,1.0
chr14,47547721,47547868,47547794,1.0
chr14,47547904,47548051,47547977,1.0
chr14,47548058,47548205,47548131,1.0
chr14,47548295,47548442,47548368,1.0
chr14,47548492,47548639,47548565,1.0
chr14,47548640,47548787,47548713,1.0
chr14,47548887,47549034,47548960,1.0
chr14,47549053,47549200,47549126,1.0
chr14,47549249,47549396,47549322,1.0
chr14,47549527,47549674,47549600,1.0
chr14,47549675,47549822,47549748,1.0
chr14,47549923,47550070,47549996,1.0
chr14,47550072,47550219,47550145,1.0
chr14,47550220,47550367,47550293,1.0
chr14,47550398,47550545,47550471,1.0
chr14,47550654,47550801,47550727,1.0
chr14,47550815,47550962,47550888,1.0
chr14,47551376,47551523,47551449,1.0
chr14,47551524,47551671,47551597,1.0
chr14,47551758,47551905,47551831,1.0
chr14,47552134,47552281,47552207,1.0
chr14,47552415,47552562,47552488,1.0
chr14,47552845,47552992,47552918,1.0
chr14,47552993,47553140,47553066,1.0
chr14,47553305,47553452,47553378,1.0
chr14,47553486,47553633,47553559,1.0
chr14,47553755,47553902,47553828,1.0
chr14,47554121,47554268,47554194,1.0
chr14,47554313,47554460,47554386,1.0
chr14,47554629,47554776,47554702,1.0
chr14,47554862,47555009,47554935,1.0
chr14,47555042,47555189,47555115,1.0
chr14,47555212,47555359,47555285,1.0
chr14,47555657,47555804,47555730,1.0
chr14,47555870,47556017,47555943,1.0
chr14,47556044,47556191,47556117,1.0
chr14,47556278,47556425,47556351,1.0
chr14,47556430,47556577,47556503,1.0
chr14,47556710,47556857,47556783,1.0
chr14,47556863,47557010,47556936,1.0
chr14,47557457,47557604,47557530,1.0
chr14,47557697,47557844,47557770,1.0
chr14,47557971,47558118,47558044,1.0
chr14,47558119,47558266,47558192,1.0
chr14,47558310,47558457,47558383,1.0
chr14,47558475,47558622,47558548,1.0
chr14,47558796,47558943,47558869,1.0
chr14,47558955,47559102,47559028,1.0
chr14,47559106,47559253,47559179,1.0
chr14,47559388,47559535,47559461,1.0
chr14,47559540,47559687,47559613,1.0
chr14,47559726,47559873,47559799,1.0
chr14,47559874,47560021,47559947,1.0
chr14,47560089,47560236,47560162,1.0
chr14,47560237,47560384,47560310,1.0
chr14,47560452,47560599,47560525,1.0
chr14,47560600,47560747,47560673,1.0
chr14,47560765,47560912,47560838,1.0
chr14,47561223,47561370,47561296,1.0
chr14,47561543,47561690,47561616,1.0
chr14,47561716,47561863,47561789,1.0
chr14,47561882,47562029,47561955,1.0
chr14,47562075,47562222,47562148,1.0
chr14,47562242,47562389,47562315,1.0
chr14,47562530,47562677,47562603,1.0
chr14,47562818,47562965,47562891,1.0
chr14,47562981,47563128,47563054,1.0
chr14,47563129,47563276,47563202,1.0
chr14,47563277,47563424,47563350,1.0
chr14,47563485,47563632,47563558,1.0
chr14,47563650,47563797,47563723,1.0
chr14,47563808,47563955,47563881,1.0
chr14,47564111,47564258,47564184,1.0
chr14,47564280,47564427,47564353,1.0
chr14,47564628,47564775,47564701,1.0
chr14,47564786,47564933,47564859,1.0
chr14,47565089,47565236,47565162,1.0
chr14,47565238,47565385,47565311,1.0
chr14,47565386,47565533,47565459,1.0
chr14,47565627,47565774,47565700,1.0
chr14,47565786,47565933,47565859,1.0
chr14,47565963,47566110,47566036,1.0
chr14,47566190,47566337,47566263,1.0
chr14,47566439,47566586,47566512,1.0
chr14,47566672,47566819,47566745,1.0
chr14,47566820,47566967,47566893,1.0
chr14,47567271,47567418,47567344,1.0
chr14,47567657,47567804,47567730,1.0
chr14,47567833,47567980,47567906,1.0
chr14,47568040,47568187,47568113,1.0
chr14,47568221,47568368,47568294,1.0
chr14,47568369,47568516,47568442,1.0
chr14,47568653,47568800,47568726,1.0
chr14,47568803,47568950,47568876,1.0
chr14,47568951,47569098,47569024,1.0
chr14,47569192,47569339,47569265,1.0
chr14,47569406,47569553,47569479,1.0
chr14,47569637,47569784,47569710,1.0
chr14,47569785,47569932,47569858,1.0
chr14,47570165,47570312,47570238,1.0
chr14,47570341,47570488,47570414,1.0
chr14,47570592,47570739,47570665,1.0
chr14,47570827,47570974,47570900,1.0
chr14,47571010,47571157,47571083,1.0
chr14,47571158,47571305,47571231,1.0
chr14,47571399,47571546,47571472,1.0
chr14,47571547,47571694,47571620,1.0
chr14,47571804,47571951,47571877,1.0
chr14,47571991,47572138,47572064,1.0
chr14,47572156,47572303,47572229,1.0
chr14,47572304,47572451,47572377,1.0
chr14,47572569,47572716,47572642,1.0
chr14,47572744,47572891,47572817,1.0
chr14,47572932,47573079,47573005,1.0
chr14,47573395,47573542,47573468,1.0
chr14,47573658,47573805,47573731,1.0
chr14,47573840,47573987,47573913,1.0
chr14,47573988,47574135,47574061,1.0
chr14,47574159,47574306,47574232,1.0
chr14,47574456,47574603,47574529,1.0
chr14,47574634,47574781,47574707,1.0
chr14,47574845,47574992,47574918,1.0
chr14,47575132,47575279,47575205,1.0
chr14,47575280,47575427,47575353,1.0
chr14,47575440,47575587,47575513,1.0
chr14,47575611,47575758,47575684,1.0
chr14,47575759,47575906,47575832,1.0
chr14,47576085,47576232,47576158,1.0
chr14,47576253,47576400,47576326,1.0
chr14,47576481,47576628,47576554,1.0
chr14,47576634,47576781,47576707,1.0
chr14,47576909,47577056,47576982,1.0
chr14,47577106,47577253,47577179,1.0
chr14,47577270,47577417,47577343,1.0
chr14,47577469,47577616,47577542,1.0
chr14,47577833,47577980,47577906,1.0
chr14,47578063,47578210,47578136,1.0
chr14,47578211,47578358,47578284,1.0
chr14,47578366,47578513,47578439,1.0
chr14,47578544,47578691,47578617,1.0
chr14,47578752,47578899,47578825,1.0
chr14,47578900,47579047,47578973,1.0
chr14,47579064,47579211,47579137,1.0
chr14,47579236,47579383,47579309,1.0
chr14,47579513,47579660,47579586,1.0
chr14,47579708,47579855,47579781,1.0
chr14,47579856,47580003,47579929,1.0
chr14,47580004,47580151,47580077,1.0
chr14,47580243,47580390,47580316,1.0
chr14,47580469,47580616,47580542,1.0
chr14,47580669,47580816,47580742,1.0
chr14,47581108,47581255,47581181,1.0
chr14,47581291,47581438,47581364,1.0
chr14,47581474,47581621,47581547,1.0
chr14,47581640,47581787,47581713,1.0
chr14,47581788,47581935,47581861,1.0
chr14,47581946,47582093,47582019,1.0
chr14,47582094,47582241,47582167,1.0
chr14,47582303,47582450,47582376,1.0
chr14,47582532,47582679,47582605,1.0
chr14,47582848,47582995,47582921,1.0
chr14,47582996,47583143,47583069,1.0
chr14,47583174,47583321,47583247,1.0
chr14,47584213,47584360,47584286,1.0
chr14,47584659,47584806,47584732,1.0
chr14,47584833,47584980,47584906,1.0
chr14,47584981,47585128,47585054,1.0
chr14,47585129,47585276,47585202,1.0
chr14,47585351,47585498,47585424,1.0
chr14,47585499,47585646,47585572,1.0
chr14,47585729,47585876,47585802,1.0
chr14,47585942,47586089,47586015,1.0
chr14,47586167,47586314,47586240,1.0
chr14,47586385,47586532,47586458,1.0
chr14,47586566,47586713,47586639,1.0
chr14,47586714,47586861,47586787,1.0
chr14,47586914,47587061,47586987,1.0
chr14,47587255,47587402,47587328,1.0
chr14,47587403,47587550,47587476,1.0
chr14,47587551,47587698,47587624,1.0
chr14,47587916,47588063,47587989,1.0
chr14,47588108,47588255,47588181,1.0
chr14,47588322,47588469,47588395,1.0
chr14,47588470,47588617,47588543,1.0
chr14,47588853,47589000,47588926,1.0
chr14,47589001,47589148,47589074,1.0
chr14,47589170,47589317,47589243,1.0
chr14,47589318,47589465,47589391,1.0
chr14,47589586,47589733,47589659,1.0
chr14,47589768,47589915,47589841,1.0
chr14,47589950,47590097,47590023,1.0
chr14,47590174,47590321,47590247,1.0
chr14,47590322,47590469,47590395,1.0
chr14,47590470,47590617,47590543,1.0
chr14,47590618,47590765,47590691,1.0
chr14,47590822,47590969,47590895,1.0
chr14,47590975,47591122,47591048,1.0
chr14,47591204,47591351,47591277,1.0
chr14,47591352,47591499,47591425,1.0
chr14,47591518,47591665,47591591,1.0
chr14,47591745,47591892,47591818,1.0
chr14,47591930,47592077,47592003,1.0
chr14,47592208,47592355,47592281,1.0
chr14,47592414,47592561,47592487,1.0
chr14,47592562,47592709,47592635,1.0
chr14,47592882,47593029,47592955,1.0
chr14,47593084,47593231,47593157,1.0
chr14,47593243,47593390,47593316,1.0
chr14,47593391,47593538,47593464,1.0
chr14,47593659,47593806,47593732,1.0
chr14,47593807,47593954,47593880,1.0
chr14,47593955,47594102,47594028,1.0
chr14,47594136,47594283,47594209,1.0
chr14,47594426,47594573,47594499,1.0
chr14,47594579,47594726,47594652,1.0
chr14,47594736,47594883,47594809,1.0
chr14,47595031,47595178,47595104,1.0
chr14,47595179,47595326,47595252,1.0
chr14,47595428,47595575,47595501,1.0
chr14,47595576,47595723,47595649,1.0
chr14,47595754,47595901,47595827,1.0
chr14,47595969,47596116,47596042,1.0
chr14,47596178,47596325,47596251,1.0
chr14,47596374,47596521,47596447,1.0
chr14,47596567,47596714,47596640,1.0
chr14,47596871,47597018,47596944,1.0
chr14,47597107,47597254,47597180,1.0
chr14,47597255,47597402,47597328,1.0
chr14,47597491,47597638,47597564,1.0
chr14,47597710,47597857,47597783,1.0
chr14,47597887,47598034,47597960,1.0
chr14,47598060,47598207,47598133,1.0
chr14,47598441,47598588,47598514,1.0
chr14,47598590,47598737,47598663,1.0
chr14,47598751,47598898,47598824,1.0
chr14,47599049,47599196,47599122,1.0
chr14,47599294,47599441,47599367,1.0
chr14,47599457,47599604,47599530,1.0
chr14,47599633,47599780,47599706,1.0
chr14,47599879,47600026,47599952,1.0
chr14,47600125,47600272,47600198,1.0
chr14,47600307,47600454,47600380,1.0
chr14,47600472,47600619,47600545,1.0
chr14,47600638,47600785,47600711,1.0
chr14,47600786,47600933,47600859,1.0
chr14,47600934,47601081,47601007,1.0
chr14,47601087,47601234,47601160,1.0
chr14,47601300,47601447,47601373,1.0
chr14,47601485,47601632,47601558,1.0
chr14,47601761,47601908,47601834,1.0
chr14,47601983,47602130,47602056,1.0
chr14,47602242,47602389,47602315,1.0
chr14,47602532,47602679,47602605,1.0
chr14,47602680,47602827,47602753,1.0
chr14,47602828,47602975,47602901,1.0
chr14,47603018,47603165,47603091,1.0
chr14,47603166,47603313,47603239,1.0
chr14,47603315,47603462,47603388,1.0
chr14,47603547,47603694,47603620,1.0
chr14,47603871,47604018,47603944,1.0
chr14,47604031,47604178,47604104,1.0
chr14,47604179,47604326,47604252,1.0
chr14,47604327,47604474,47604400,1.0
chr14,47604490,47604637,47604563,1.0
chr14,47604638,47604785,47604711,1.0
chr14,47604854,47605001,47604927,1.0
chr14,47605012,47605159,47605085,1.0
chr14,47605197,47605344,47605270,1.0
chr14,47605345,47605492,47605418,1.0
chr14,47605839,47605986,47605912,1.0
chr14,47606080,47606227,47606153,1.0
chr14,47606307,47606454,47606380,1.0
chr14,47606490,47606637,47606563,1.0
chr14,47606638,47606785,47606711,1.0
chr14,47606786,47606933,47606859,1.0
chr14,47607000,47607147,47607073,1.0
chr14,47607148,47607295,47607221,1.0
chr14,47607360,47607507,47607433,1.0
chr14,47607628,47607775,47607701,1.0
chr14,47607899,47608046,47607972,1.0
chr14,47608047,47608194,47608120,1.0
chr14,47608316,47608463,47608389,1.0
chr14,47609466,47609613,47609539,1.0
chr14,47609661,47609808,47609734,1.0
chr14,47609874,47610021,47609947,1.0
chr14,47610059,47610206,47610132,1.0
chr14,47610207,47610354,47610280,1.0
chr14,47610421,47610568,47610494,1.0
chr14,47610595,47610742,47610668,1.0
chr14,47610783,47610930,47610856,1.0
chr14,47610965,47611112,47611038,1.0
chr14,47611118,47611265,47611191,1.0
chr14,47611276,47611423,47611349,1.0
chr14,47611540,47611687,47611613,1.0
chr14,47611726,47611873,47611799,1.0
chr14,47612071,47612218,47612144,1.0
chr14,47612311,47612458,47612384,1.0
chr14,47612561,47612708,47612634,1.0
chr14,47612749,47612896,47612822,1.0
chr14,47612976,47613123,47613049,1.0
chr14,47613140,47613287,47613213,1.0
chr14,47613697,47613844,47613770,1.0
chr14,47613846,47613993,47613919,1.0
chr14,47614017,47614164,47614090,1.0
chr14,47614177,47614324,47614250,1.0
chr14,47614421,47614568,47614494,1.0
chr14,47614569,47614716,47614642,1.0
chr14,47614725,47614872,47614798,1.0
chr14,47614888,47615035,47614961,1.0
chr14,47615171,47615318,47615244,1.0
chr14,47615323,47615470,47615396,1.0
chr14,47615594,47615741,47615667,1.0
chr14,47615803,47615950,47615876,1.0
chr14,47616094,47616241,47616167,1.0
chr14,47616282,47616429,47616355,1.0
chr14,47616430,47616577,47616503,1.0
chr14,47616710,47616857,47616783,1.0
chr14,47616858,47617005,47616931,1.0
chr14,47617054,47617201,47617127,1.0
chr14,47617202,47617349,47617275,1.0
chr14,47617352,47617499,47617425,1.0
chr14,47617572,47617719,47617645,1.0
chr14,47617720,47617867,47617793,1.0
chr14,47617909,47618056,47617982,1.0
chr14,47618057,47618204,47618130,1.0
chr14,47618225,47618372,47618298,1.0
chr14,47618373,47618520,47618446,1.0
chr14,47618564,47618711,47618637,1.0
chr14,47618712,47618859,47618785,1.0
chr14,47618977,47619124,47619050,1.0
chr14,47619155,47619302,47619228,1.0
chr14,47619429,47619576,47619502,1.0
chr14,47619577,47619724,47619650,1.0
chr14,47619900,47620047,47619973,1.0
chr14,47620334,47620481,47620407,1.0
chr14,47620497,47620644,47620570,1.0
chr14,47620649,47620796,47620722,1.0
chr14,47620797,47620944,47620870,1.0
chr14,47620945,47621092,47621018,1.0
chr14,47621161,47621308,47621234,1.0
chr14,47621425,47621572,47621498,1.0
chr14,47621656,47621803,47621729,1.0
chr14,47621838,47621985,47621911,1.0
chr14,47621986,47622133,47622059,1.0
chr14,47622134,47622281,47622207,1.0
chr14,47622305,47622452,47622378,1.0
chr14,47622468,47622615,47622541,1.0
chr14,47622626,47622773,47622699,1.0
chr14,47622774,47622921,47622847,1.0
chr14,47623008,47623155,47623081,1.0
chr14,47623156,47623303,47623229,1.0
chr14,47623570,47623717,47623643,1.0
chr14,47623935,47624082,47624008,1.0
chr14,47624135,47624282,47624208,1.0
chr14,47624283,47624430,47624356,1.0
chr14,47624574,47624721,47624647,1.0
chr14,47624739,47624886,47624812,1.0
chr14,47625014,47625161,47625087,1.0
chr14,47625669,47625816,47625742,1.0
chr14,47625817,47625964,47625890,1.0
chr14,47625970,47626117,47626043,1.0
chr14,47626150,47626297,47626223,1.0
chr14,47626389,47626536,47626462,1.0
chr14,47626596,47626743,47626669,1.0
chr14,47626869,47627016,47626942,1.0
chr14,47627074,47627221,47627147,1.0
chr14,47627311,47627458,47627384,1.0
chr14,47627496,47627643,47627569,1.0
chr14,47627644,47627791,47627717,1.0
chr14,47627792,47627939,47627865,1.0
chr14,47627940,47628087,47628013,1.0
chr14,47628088,47628235,47628161,1.0
chr14,47628408,47628555,47628481,1.0
chr14,47628578,47628725,47628651,1.0
chr14,47628726,47628873,47628799,1.0
chr14,47628954,47629101,47629027,1.0
chr14,47629102,47629249,47629175,1.0
chr14,47629351,47629498,47629424,1.0
chr14,47629526,47629673,47629599,1.0
chr14,47629705,47629852,47629778,1.0
chr14,47629966,47630113,47630039,1.0
chr14,47630230,47630377,47630303,1.0
chr14,47630388,47630535,47630461,1.0
chr14,47630630,47630777,47630703,1.0
chr14,47630778,47630925,47630851,1.0
chr14,47630926,47631073,47630999,1.0
chr14,47631097,47631244,47631170,1.0
chr14,47631250,47631397,47631323,1.0
chr14,47631461,47631608,47631534,1.0
chr14,47631609,47631756,47631682,1.0
chr14,47631790,47631937,47631863,1.0
chr14,47631938,47632085,47632011,1.0
chr14,47632086,47632233,47632159,1.0
chr14,47632344,47632491,47632417,1.0
chr14,47632505,47632652,47632578,1.0
chr14,47632671,47632818,47632744,1.0
chr14,47632865,47633012,47632938,1.0
chr14,47633092,47633239,47633165,1.0
chr14,47633255,47633402,47633328,1.0
chr14,47633555,47633702,47633628,1.0
chr14,47633710,47633857,47633783,1.0
chr14,47634163,47634310,47634236,1.0
chr14,47634334,47634481,47634407,1.0
chr14,47634561,47634708,47634634,1.0
chr14,47634846,47634993,47634919,1.0
chr14,47635095,47635242,47635168,1.0
chr14,47635296,47635443,47635369,1.0
chr14,47635454,47635601,47635527,1.0
chr14,47635651,47635798,47635724,1.0
chr14,47635799,47635946,47635872,1.0
chr14,47635983,47636130,47636056,1.0
chr14,47636131,47636278,47636204,1.0
chr14,47636292,47636439,47636365,1.0
chr14,47636457,47636604,47636530,1.0
chr14,47636649,47636796,47636722,1.0
chr14,47636982,47637129,47637055,1.0
chr14,47637163,47637310,47637236,1.0
chr14,47637311,47637458,47637384,1.0
chr14,47637476,47637623,47637549,1.0
chr14,47637694,47637841,47637767,1.0
chr14,47637861,47638008,47637934,1.0
chr14,47638024,47638171,47638097,1.0
chr14,47638178,47638325,47638251,1.0
chr14,47638341,47638488,47638414,1.0
chr14,47638604,47638751,47638677,1.0
chr14,47638752,47638899,47638825,1.0
chr14,47638911,47639058,47638984,1.0
chr14,47639067,47639214,47639140,1.0
chr14,47639243,47639390,47639316,1.0
chr14,47639501,47639648,47639574,1.0
chr14,47639711,47639858,47639784,1.0
chr14,47639890,47640037,47639963,1.0
chr14,47640056,47640203,47640129,1.0
chr14,47640204,47640351,47640277,1.0
chr14,47640493,47640640,47640566,1.0
chr14,47640861,47641008,47640934,1.0
chr14,47641019,47641166,47641092,1.0
chr14,47641342,47641489,47641415,1.0
chr14,47641526,47641673,47641599,1.0
chr14,47641682,47641829,47641755,1.0
chr14,47641886,47642033,47641959,1.0
chr14,47642078,47642225,47642151,1.0
chr14,47642227,47642374,47642300,1.0
chr14,47642481,47642628,47642554,1.0
chr14,47642629,47642776,47642702,1.0
chr14,47642857,47643004,47642930,1.0
chr14,47643005,47643152,47643078,1.0
chr14,47643153,47643300,47643226,1.0
chr14,47643349,47643496,47643422,1.0
chr14,47643497,47643644,47643570,1.0
chr14,47643645,47643792,47643718,1.0
chr14,47643793,47643940,47643866,1.0
chr14,47643956,47644103,47644029,1.0
chr14,47644145,47644292,47644218,1.0
chr14,47644294,47644441,47644367,1.0
chr14,47644485,47644632,47644558,1.0
chr14,47644633,47644780,47644706,1.0
chr14,47644898,47645045,47644971,1.0
chr14,47645127,47645274,47645200,1.0
chr14,47645275,47645422,47645348,1.0
chr14,47645472,47645619,47645545,1.0
chr14,47645620,47645767,47645693,1.0
chr14,47645995,47646142,47646068,1.0
chr14,47646455,47646602,47646528,1.0
chr14,47646685,47646832,47646758,1.0
chr14,47646960,47647107,47647033,1.0
chr14,47647129,47647276,47647202,1.0
chr14,47647277,47647424,47647350,1.0
chr14,47647464,47647611,47647537,1.0
chr14,47647637,47647784,47647710,1.0
chr14,47647852,47647999,47647925,1.0
chr14,47648000,47648147,47648073,1.0
chr14,47648148,47648295,47648221,1.0
chr14,47648325,47648472,47648398,1.0
chr14,47648473,47648620,47648546,1.0
chr14,47648645,47648792,47648718,1.0
chr14,47648854,47649001,47648927,1.0
chr14,47649084,47649231,47649157,1.0
chr14,47649235,47649382,47649308,1.0
chr14,47649446,47649593,47649519,1.0
chr14,47649600,47649747,47649673,1.0
chr14,47649974,47650121,47650047,1.0
chr14,47650156,47650303,47650229,1.0
chr14,47650435,47650582,47650508,1.0
chr14,47650639,47650786,47650712,1.0
chr14,47650787,47650934,47650860,1.0
chr14,47651005,47651152,47651078,1.0
chr14,47651178,47651325,47651251,1.0
chr14,47651354,47651501,47651427,1.0
chr14,47651612,47651759,47651685,1.0
chr14,47652090,47652237,47652163,1.0
chr14,47652322,47652469,47652395,1.0
chr14,47652513,47652660,47652586,1.0
chr14,47652727,47652874,47652800,1.0
chr14,47652932,47653079,47653005,1.0
chr14,47653219,47653366,47653292,1.0
chr14,47653401,47653548,47653474,1.0
chr14,47653801,47653948,47653874,1.0
chr14,47653949,47654096,47654022,1.0
chr14,47654123,47654270,47654196,1.0
chr14,47654273,47654420,47654346,1.0
chr14,47654478,47654625,47654551,1.0
chr14,47654812,47654959,47654885,1.0
chr14,47655048,47655195,47655121,1.0
chr14,47655208,47655355,47655281,1.0
chr14,47655356,47655503,47655429,1.0
chr14,47655525,47655672,47655598,1.0
chr14,47655706,47655853,47655779,1.0
chr14,47655876,47656023,47655949,1.0
chr14,47656024,47656171,47656097,1.0
chr14,47656232,47656379,47656305,1.0
chr14,47656380,47656527,47656453,1.0
chr14,47656528,47656675,47656601,1.0
chr14,47656742,47656889,47656815,1.0
chr14,47656939,47657086,47657012,1.0
chr14,47657208,47657355,47657281,1.0
chr14,47657362,47657509,47657435,1.0
chr14,47657510,47657657,47657583,1.0
chr14,47657670,47657817,47657743,1.0
chr14,47657879,47658026,47657952,1.0
chr14,47658027,47658174,47658100,1.0
chr14,47658378,47658525,47658451,1.0
chr14,47658609,47658756,47658682,1.0
chr14,47658757,47658904,47658830,1.0
chr14,47658945,47659092,47659018,1.0
chr14,47659185,47659332,47659258,1.0
chr14,47659333,47659480,47659406,1.0
chr14,47659481,47659628,47659554,1.0
chr14,47659729,47659876,47659802,1.0
chr14,47659877,47660024,47659950,1.0
chr14,47660025,47660172,47660098,1.0
chr14,47660176,47660323,47660249,1.0
chr14,47660324,47660471,47660397,1.0
chr14,47660532,47660679,47660605,1.0
chr14,47660714,47660861,47660787,1.0
chr14,47660862,47661009,47660935,1.0
chr14,47661161,47661308,47661234,1.0
chr14,47661309,47661456,47661382,1.0
chr14,47661515,47661662,47661588,1.0
chr14,47661696,47661843,47661769,1.0
chr14,47661928,47662075,47662001,1.0
chr14,47662076,47662223,47662149,1.0
chr14,47662314,47662461,47662387,1.0
chr14,47662517,47662664,47662590,1.0
chr14,47662727,47662874,47662800,1.0
chr14,47662937,47663084,47663010,1.0
chr14,47663085,47663232,47663158,1.0
chr14,47663242,47663389,47663315,1.0
chr14,47663390,47663537,47663463,1.0
chr14,47663592,47663739,47663665,1.0
chr14,47663740,47663887,47663813,1.0
chr14,47663896,47664043,47663969,1.0
chr14,47664137,47664284,47664210,1.0
chr14,47664285,47664432,47664358,1.0
chr14,47664462,47664609,47664535,1.0
chr14,47664881,47665028,47664954,1.0
chr14,47665085,47665232,47665158,1.0
chr14,47665233,47665380,47665306,1.0
chr14,47665500,47665647,47665573,1.0
chr14,47665653,47665800,47665726,1.0
chr14,47665801,47665948,47665874,1.0
chr14,47666022,47666169,47666095,1.0
chr14,47666405,47666552,47666478,1.0
chr14,47666585,47666732,47666658,1.0
chr14,47666743,47666890,47666816,1.0
chr14,47667036,47667183,47667109,1.0
chr14,47667272,47667419,47667345,1.0
chr14,47667487,47667634,47667560,1.0
chr14,47667635,47667782,47667708,1.0
chr14,47667811,47667958,47667884,1.0
chr14,47668014,47668161,47668087,1.0
chr14,47668162,47668309,47668235,1.0
chr14,47668341,47668488,47668414,1.0
chr14,47668611,47668758,47668684,1.0
chr14,47668766,47668913,47668839,1.0
chr14,47668925,47669072,47668998,1.0
chr14,47669073,47669220,47669146,1.0
chr14,47669276,47669423,47669349,1.0
chr14,47669463,47669610,47669536,1.0
chr14,47669721,47669868,47669794,1.0
chr14,47669872,47670019,47669945,1.0
chr14,47670020,47670167,47670093,1.0
chr14,47670175,47670322,47670248,1.0
chr14,47670392,47670539,47670465,1.0
chr14,47670625,47670772,47670698,1.0
chr14,47670822,47670969,47670895,1.0
chr14,47671297,47671444,47671370,1.0
chr14,47671475,47671622,47671548,1.0
chr14,47671623,47671770,47671696,1.0
chr14,47671893,47672040,47671966,1.0
chr14,47672081,47672228,47672154,1.0
chr14,47672229,47672376,47672302,1.0
chr14,47672511,47672658,47672584,1.0
chr14,47672709,47672856,47672782,1.0
chr14,47672901,47673048,47672974,1.0
chr14,47673072,47673219,47673145,1.0
chr14,47673220,47673367,47673293,1.0
chr14,47673467,47673614,47673540,1.0
chr14,47673641,47673788,47673714,1.0
chr14,47673807,47673954,47673880,1.0
chr14,47673970,47674117,47674043,1.0
chr14,47674207,47674354,47674280,1.0
chr14,47674417,47674564,47674490,1.0
chr14,47674602,47674749,47674675,1.0
chr14,47674763,47674910,47674836,1.0
chr14,47674932,47675079,47675005,1.0
chr14,47675080,47675227,47675153,1.0
chr14,47675250,47675397,47675323,1.0
chr14,47675413,47675560,47675486,1.0
chr14,47675561,47675708,47675634,1.0
chr14,47675767,47675914,47675840,1.0
chr14,47676070,47676217,47676143,1.0
chr14,47676258,47676405,47676331,1.0
chr14,47676524,47676671,47676597,1.0
chr14,47676672,47676819,47676745,1.0
chr14,47676820,47676967,47676893,1.0
chr14,47677102,47677249,47677175,1.0
chr14,47677250,47677397,47677323,1.0
chr14,47677429,47677576,47677502,1.0
chr14,47677589,47677736,47677662,1.0
chr14,47677737,47677884,47677810,1.0
chr14,47677999,47678146,47678072,1.0
chr14,47678170,47678317,47678243,1.0
chr14,47678469,47678616,47678542,1.0
chr14,47678617,47678764,47678690,1.0
chr14,47678802,47678949,47678875,1.0
chr14,47679017,47679164,47679090,1.0
chr14,47679165,47679312,47679238,1.0
chr14,47679313,47679460,47679386,1.0
chr14,47679525,47679672,47679598,1.0
chr14,47679673,47679820,47679746,1.0
chr14,47679825,47679972,47679898,1.0
chr14,47680261,47680408,47680334,1.0
chr14,47680479,47680626,47680552,1.0
chr14,47680652,47680799,47680725,1.0
chr14,47680819,47680966,47680892,1.0
chr14,47681247,47681394,47681320,1.0
chr14,47682177,47682324,47682250,1.0
chr14,47682357,47682504,47682430,1.0
chr14,47682550,47682697,47682623,1.0
chr14,47682698,47682845,47682771,1.0
chr14,47682858,47683005,47682931,1.0
chr14,47683196,47683343,47683269,1.0
chr14,47683391,47683538,47683464,1.0
chr14,47683629,47683776,47683702,1.0
chr14,47683896,47684043,47683969,1.0
chr14,47684044,47684191,47684117,1.0
chr14,47684305,47684452,47684378,1.0
chr14,47684453,47684600,47684526,1.0
chr14,47684601,47684748,47684674,1.0
chr14,47684872,47685019,47684945,1.0
chr14,47685065,47685212,47685138,1.0
chr14,47685301,47685448,47685374,1.0
chr14,47685472,47685619,47685545,1.0
chr14,47685726,47685873,47685799,1.0
chr14,47685985,47686132,47686058,1.0
chr14,47686149,47686296,47686222,1.0
chr14,47686372,47686519,47686445,1.0
chr14,47686544,47686691,47686617,1.0
chr14,47686692,47686839,47686765,1.0
chr14,47686842,47686989,47686915,1.0
chr14,47687000,47687147,47687073,1.0
chr14,47687164,47687311,47687237,1.0
chr14,47687591,47687738,47687664,1.0
chr14,47687739,47687886,47687812,1.0
chr14,47687887,47688034,47687960,1.0
chr14,47688063,47688210,47688136,1.0
chr14,47688240,47688387,47688313,1.0
chr14,47688388,47688535,47688461,1.0
chr14,47688567,47688714,47688640,1.0
chr14,47688729,47688876,47688802,1.0
chr14,47688889,47689036,47688962,1.0
chr14,47689037,47689184,47689110,1.0
chr14,47689375,47689522,47689448,1.0
chr14,47689657,47689804,47689730,1.0
chr14,47689806,47689953,47689879,1.0
chr14,47689956,47690103,47690029,1.0
chr14,47690104,47690251,47690177,1.0
chr14,47690326,47690473,47690399,1.0
chr14,47690474,47690621,47690547,1.0
chr14,47690699,47690846,47690772,1.0
chr14,47690847,47690994,47690920,1.0
chr14,47691072,47691219,47691145,1.0
chr14,47691307,47691454,47691380,1.0
chr14,47691474,47691621,47691547,1.0
chr14,47691622,47691769,47691695,1.0
chr14,47691791,47691938,47691864,1.0
chr14,47691939,47692086,47692012,1.0
chr14,47692250,47692397,47692323,1.0
chr14,47692540,47692687,47692613,1.0
chr14,47692827,47692974,47692900,1.0
chr14,47693162,47693309,47693235,1.0
chr14,47693581,47693728,47693654,1.0
chr14,47693846,47693993,47693919,1.0
chr14,47693999,47694146,47694072,1.0
chr14,47694216,47694363,47694289,1.0
chr14,47694445,47694592,47694518,1.0
chr14,47694667,47694814,47694740,1.0
chr14,47695081,47695228,47695154,1.0
chr14,47695411,47695558,47695484,1.0
chr14,47695754,47695901,47695827,1.0
chr14,47695961,47696108,47696034,1.0
chr14,47696202,47696349,47696275,1.0
chr14,47696364,47696511,47696437,1.0
chr14,47696567,47696714,47696640,1.0
chr14,47696954,47697101,47697027,1.0
chr14,47697102,47697249,47697175,1.0
chr14,47697250,47697397,47697323,1.0
chr14,47697398,47697545,47697471,1.0
chr14,47697614,47697761,47697687,1.0
chr14,47697762,47697909,47697835,1.0
chr14,47697910,47698057,47697983,1.0
chr14,47698058,47698205,47698131,1.0
chr14,47698217,47698364,47698290,1.0
chr14,47698501,47698648,47698574,1.0
chr14,47698663,47698810,47698736,1.0
chr14,47698811,47698958,47698884,1.0
chr14,47699083,47699230,47699156,1.0
chr14,47699413,47699560,47699486,1.0
chr14,47699669,47699816,47699742,1.0
chr14,47699817,47699964,47699890,1.0
chr14,47699987,47700134,47700060,1.0
chr14,47700178,47700325,47700251,1.0
chr14,47700349,47700496,47700422,1.0
chr14,47700530,47700677,47700603,1.0
chr14,47700689,47700836,47700762,1.0
chr14,47700869,47701016,47700942,1.0
chr14,47701083,47701230,47701156,1.0
chr14,47701369,47701516,47701442,1.0
chr14,47701555,47701702,47701628,1.0
chr14,47701840,47701987,47701913,1.0
chr14,47701995,47702142,47702068,1.0
chr14,47702168,47702315,47702241,1.0
chr14,47702318,47702465,47702391,1.0
chr14,47702466,47702613,47702539,1.0
chr14,47702679,47702826,47702752,1.0
chr14,47702943,47703090,47703016,1.0
chr14,47703102,47703249,47703175,1.0
chr14,47703261,47703408,47703334,1.0
chr14,47703468,47703615,47703541,1.0
chr14,47703616,47703763,47703689,1.0
chr14,47703764,47703911,47703837,1.0
chr14,47703912,47704059,47703985,1.0
chr14,47704230,47704377,47704303,1.0
chr14,47704379,47704526,47704452,1.0
chr14,47704527,47704674,47704600,1.0
chr14,47704770,47704917,47704843,1.0
chr14,47704935,47705082,47705008,1.0
chr14,47705218,47705365,47705291,1.0
chr14,47705381,47705528,47705454,1.0
chr14,47705646,47705793,47705719,1.0
chr14,47705905,47706052,47705978,1.0
chr14,47706140,47706287,47706213,1.0
chr14,47706607,47706754,47706680,1.0
chr14,47706755,47706902,47706828,1.0
chr14,47706903,47707050,47706976,1.0
chr14,47707051,47707198,47707124,1.0
chr14,47707218,47707365,47707291,1.0
chr14,47707419,47707566,47707492,1.0
chr14,47707575,47707722,47707648,1.0
chr14,47707727,47707874,47707800,1.0
chr14,47707931,47708078,47708004,1.0
chr14,47708100,47708247,47708173,1.0
chr14,47708248,47708395,47708321,1.0
chr14,47708455,47708602,47708528,1.0
chr14,47708708,47708855,47708781,1.0
chr14,47709040,47709187,47709113,1.0
chr14,47709316,47709463,47709389,1.0
chr14,47709466,47709613,47709539,1.0
chr14,47709794,47709941,47709867,1.0
chr14,47709977,47710124,47710050,1.0
chr14,47710144,47710291,47710217,1.0
chr14,47710505,47710652,47710578,1.0
chr14,47710680,47710827,47710753,1.0
chr14,47710892,47711039,47710965,1.0
chr14,47711040,47711187,47711113,1.0
chr14,47711192,47711339,47711265,1.0
chr14,47711348,47711495,47711421,1.0
chr14,47711521,47711668,47711594,1.0
chr14,47711702,47711849,47711775,1.0
chr14,47711885,47712032,47711958,1.0
chr14,47712172,47712319,47712245,1.0
chr14,47712397,47712544,47712470,1.0
chr14,47712575,47712722,47712648,1.0
chr14,47712804,47712951,47712877,1.0
chr14,47712970,47713117,47713043,1.0
chr14,47713449,47713596,47713522,1.0
chr14,47713597,47713744,47713670,1.0
chr14,47713745,47713892,47713818,1.0
chr14,47714025,47714172,47714098,1.0
chr14,47714311,47714458,47714384,1.0
chr14,47714478,47714625,47714551,1.0
chr14,47714626,47714773,47714699,1.0
chr14,47714876,47715023,47714949,1.0
chr14,47715024,47715171,47715097,1.0
chr14,47715456,47715603,47715529,1.0
chr14,47715604,47715751,47715677,1.0
chr14,47715813,47715960,47715886,1.0
chr14,47715975,47716122,47716048,1.0
chr14,47716244,47716391,47716317,1.0
chr14,47716431,47716578,47716504,1.0
chr14,47716634,47716781,47716707,1.0
chr14,47716782,47716929,47716855,1.0
chr14,47716930,47717077,47717003,1.0
chr14,47717157,47717304,47717230,1.0
chr14,47717847,47717994,47717920,1.0
chr14,47718098,47718245,47718171,1.0
chr14,47718246,47718393,47718319,1.0
chr14,47718602,47718749,47718675,1.0
chr14,47718774,47718921,47718847,1.0
chr14,47718948,47719095,47719021,1.0
chr14,47719334,47719481,47719407,1.0
chr14,47719482,47719629,47719555,1.0
chr14,47719701,47719848,47719774,1.0
chr14,47719945,47720092,47720018,1.0
chr14,47720093,47720240,47720166,1.0
chr14,47720241,47720388,47720314,1.0
chr14,47720389,47720536,47720462,1.0
chr14,47720537,47720684,47720610,1.0
chr14,47720938,47721085,47721011,1.0
chr14,47721140,47721287,47721213,1.0
chr14,47721414,47721561,47721487,1.0
chr14,47721575,47721722,47721648,1.0
chr14,47722020,47722167,47722093,1.0
chr14,47722247,47722394,47722320,1.0
chr14,47722456,47722603,47722529,1.0
chr14,47722641,47722788,47722714,1.0
chr14,47722916,47723063,47722989,1.0
chr14,47723064,47723211,47723137,1.0
chr14,47723231,47723378,47723304,1.0
chr14,47723379,47723526,47723452,1.0
chr14,47723527,47723674,47723600,1.0
chr14,47723965,47724112,47724038,1.0
chr14,47724242,47724389,47724315,1.0
chr14,47724468,47724615,47724541,1.0
chr14,47724669,47724816,47724742,1.0
chr14,47724978,47725125,47725051,1.0
chr14,47725139,47725286,47725212,1.0
chr14,47725287,47725434,47725360,1.0
chr14,47725469,47725616,47725542,1.0
chr14,47725679,47725826,47725752,1.0
chr14,47725831,47725978,47725904,1.0
chr14,47725979,47726126,47726052,1.0
chr14,47726127,47726274,47726200,1.0
chr14,47726280,47726427,47726353,1.0
chr14,47726786,47726933,47726859,1.0
chr14,47727067,47727214,47727140,1.0
chr14,47727293,47727440,47727366,1.0
chr14,47727488,47727635,47727561,1.0
chr14,47727687,47727834,47727760,1.0
chr14,47727835,47727982,47727908,1.0
chr14,47728005,47728152,47728078,1.0
chr14,47728153,47728300,47728226,1.0
chr14,47728386,47728533,47728459,1.0
chr14,47728653,47728800,47728726,1.0
chr14,47728906,47729053,47728979,1.0
chr14,47729083,47729230,47729156,1.0
chr14,47729352,47729499,47729425,1.0
chr14,47729511,47729658,47729584,1.0
chr14,47729979,47730126,47730052,1.0
chr14,47730303,47730450,47730376,1.0
chr14,47730469,47730616,47730542,1.0
chr14,47730658,47730805,47730731,1.0
chr14,47730858,47731005,47730931,1.0
chr14,47731135,47731282,47731208,1.0
chr14,47731311,47731458,47731384,1.0
chr14,47731459,47731606,47731532,1.0
chr14,47731753,47731900,47731826,1.0
chr14,47731965,47732112,47732038,1.0
chr14,47732113,47732260,47732186,1.0
chr14,47732261,47732408,47732334,1.0
chr14,47732442,47732589,47732515,1.0
chr14,47732789,47732936,47732862,1.0
chr14,47732937,47733084,47733010,1.0
chr14,47733243,47733390,47733316,1.0
chr14,47733484,47733631,47733557,1.0
chr14,47733957,47734104,47734030,1.0
chr14,47734381,47734528,47734454,1.0
chr14,47734578,47734725,47734651,1.0
chr14,47734749,47734896,47734822,1.0
chr14,47734992,47735139,47735065,1.0
chr14,47735158,47735305,47735231,1.0
chr14,47735378,47735525,47735451,1.0
chr14,47735526,47735673,47735599,1.0
chr14,47735866,47736013,47735939,1.0
chr14,47736077,47736224,47736150,1.0
chr14,47736254,47736401,47736327,1.0
chr14,47736453,47736600,47736526,1.0
chr14,47736670,47736817,47736743,1.0
chr14,47736818,47736965,47736891,1.0
chr14,47736966,47737113,47737039,1.0
chr14,47737133,47737280,47737206,1.0
chr14,47737344,47737491,47737417,1.0
chr14,47737494,47737641,47737567,1.0
chr14,47737642,47737789,47737715,1.0
chr14,47737790,47737937,47737863,1.0
chr14,47738059,47738206,47738132,1.0
chr14,47738583,47738730,47738656,1.0
chr14,47739072,47739219,47739145,1.0
chr14,47739625,47739772,47739698,1.0
chr14,47739793,47739940,47739866,1.0
chr14,47739941,47740088,47740014,1.0
chr14,47740089,47740236,47740162,1.0
chr14,47740272,47740419,47740345,1.0
chr14,47740420,47740567,47740493,1.0
chr14,47740571,47740718,47740644,1.0
chr14,47740825,47740972,47740898,1.0
chr14,47740973,47741120,47741046,1.0
chr14,47741121,47741268,47741194,1.0
chr14,47741271,47741418,47741344,1.0
chr14,47741502,47741649,47741575,1.0
chr14,47741752,47741899,47741825,1.0
chr14,47742127,47742274,47742200,1.0
chr14,47742292,47742439,47742365,1.0
chr14,47742484,47742631,47742557,1.0
chr14,47742839,47742986,47742912,1.0
chr14,47743018,47743165,47743091,1.0
chr14,47743166,47743313,47743239,1.0
chr14,47743555,47743702,47743628,1.0
chr14,47743781,47743928,47743854,1.0
chr14,47743929,47744076,47744002,1.0
chr14,47744573,47744720,47744646,1.0
chr14,47744804,47744951,47744877,1.0
chr14,47745113,47745260,47745186,1.0
chr14,47745261,47745408,47745334,1.0
chr14,47745468,47745615,47745541,1.0
chr14,47745674,47745821,47745747,1.0
chr14,47746077,47746224,47746150,1.0
chr14,47746246,47746393,47746319,1.0
chr14,47746472,47746619,47746545,1.0
chr14,47746631,47746778,47746704,1.0
chr14,47746956,47747103,47747029,1.0
chr14,47747110,47747257,47747183,1.0
chr14,47747322,47747469,47747395,1.0
chr14,47747513,47747660,47747586,1.0
chr14,47747735,47747882,47747808,1.0
chr14,47747883,47748030,47747956,1.0
chr14,47748031,47748178,47748104,1.0
chr14,47748257,47748404,47748330,1.0
chr14,47748448,47748595,47748521,1.0
chr14,47748601,47748748,47748674,1.0
chr14,47748774,47748921,47748847,1.0
chr14,47748940,47749087,47749013,1.0
chr14,47749123,47749270,47749196,1.0
chr14,47749502,47749649,47749575,1.0
chr14,47749847,47749994,47749920,1.0
chr14,47749995,47750142,47750068,1.0
