chr,pos,start,end,score
chr14,47450264,47450191,47450338,1.0
chr14,47450546,47450473,47450620,1.0
chr14,47450906,47450833,47450980,1.0
chr14,47451074,47451001,47451148,1.0
chr14,47451443,47451370,47451517,1.0
chr14,47451762,47451689,47451836,1.0
chr14,47452366,47452293,47452440,1.0
chr14,47452561,47452488,47452635,1.0
chr14,47452737,47452664,47452811,1.0
chr14,47452934,47452861,47453008,1.0
chr14,47453082,47453009,47453156,1.0
chr14,47453263,47453190,47453337,1.0
chr14,47453587,47453514,47453661,1.0
chr14,47453735,47453662,47453809,1.0
chr14,47453914,47453841,47453988,1.0
chr14,47454111,47454038,47454185,1.0
chr14,47454331,47454258,47454405,1.0
chr14,47454500,47454427,47454574,1.0
chr14,47454648,47454575,47454722,1.0
chr14,47454858,47454785,47454932,1.0
chr14,47455024,47454951,47455098,1.0
chr14,47455178,47455105,47455252,1.0
chr14,47455350,47455277,47455424,1.0
chr14,47455537,47455464,47455611,1.0
chr14,47455705,47455632,47455779,1.0
chr14,47455887,47455814,47455961,1.0
chr14,47456139,47456066,47456213,1.0
chr14,47456413,47456340,47456487,1.0
chr14,47456642,47456569,47456716,1.0
chr14,47456817,47456744,47456891,1.0
chr14,47457035,47456962,47457109,1.0
chr14,47457193,47457120,47457267,1.0
chr14,47457379,47457306,47457453,1.0
chr14,47457532,47457459,47457606,1.0
chr14,47457796,47457723,47457870,1.0
chr14,47458155,47458082,47458229,1.0
chr14,47458472,47458399,47458546,1.0
chr14,47458626,47458553,47458700,1.0
chr14,47458823,47458750,47458897,1.0
chr14,47458971,47458898,47459045,1.0
chr14,47459256,47459183,47459330,1.0
chr14,47459442,47459369,47459516,1.0
chr14,47459692,47459619,47459766,1.0
chr14,47459855,47459782,47459929,1.0
chr14,47460042,47459969,47460116,1.0
chr14,47460239,47460166,47460313,1.0
chr14,47460412,47460339,47460486,1.0
chr14,47460560,47460487,47460634,1.0
chr14,47460735,47460662,47460809,1.0
chr14,47460904,47460831,47460978,1.0
chr14,47461198,47461125,47461272,1.0
chr14,47461464,47461391,47461538,1.0
chr14,47461613,47461540,47461687,1.0
chr14,47461768,47461695,47461842,1.0
chr14,47462144,47462071,47462218,1.0
chr14,47462301,47462228,47462375,1.0
chr14,47462450,47462377,47462524,1.0
chr14,47462863,47462790,47462937,1.0
chr14,47463070,47462997,47463144,1.0
chr14,47463480,47463407,47463554,1.0
chr14,47463647,47463574,47463721,1.0
chr14,47463931,47463858,47464005,1.0
chr14,47464134,47464061,47464208,1.0
chr14,47464385,47464312,47464459,1.0
chr14,47464534,47464461,47464608,1.0
chr14,47464686,47464613,47464760,1.0
chr14,47464856,47464783,47464930,1.0
chr14,47465066,47464993,47465140,1.0
chr14,47465214,47465141,47465288,1.0
chr14,47465446,47465373,47465520,1.0
chr14,47465594,47465521,47465668,1.0
chr14,47465772,47465699,47465846,1.0
chr14,47465941,47465868,47466015,1.0
chr14,47466216,47466143,47466290,1.0
chr14,47466369,47466296,47466443,1.0
chr14,47466529,47466456,47466603,1.0
chr14,47466702,47466629,47466776,1.0
chr14,47466867,47466794,47466941,1.0
chr14,47467015,47466942,47467089,1.0
chr14,47467209,47467136,47467283,1.0
chr14,47467533,47467460,47467607,1.0
chr14,47467683,47467610,47467757,1.0
chr14,47467910,47467837,47467984,1.0
chr14,47468059,47467986,47468133,1.0
chr14,47468263,47468190,47468337,1.0
chr14,47468455,47468382,47468529,1.0
chr14,47468629,47468556,47468703,1.0
chr14,47468777,47468704,47468851,1.0
chr14,47469105,47469032,47469179,1.0
chr14,47469322,47469249,47469396,1.0
chr14,47469555,47469482,47469629,1.0
chr14,47469703,47469630,47469777,1.0
chr14,47469955,47469882,47470029,1.0
chr14,47470124,47470051,47470198,1.0
chr14,47470272,47470199,47470346,1.0
chr14,47470810,47470737,47470884,1.0
chr14,47471039,47470966,47471113,1.0
chr14,47471434,47471361,47471508,1.0
chr14,47471649,47471576,47471723,1.0
chr14,47471843,47471770,47471917,1.0
chr14,47471991,47471918,47472065,1.0
chr14,47472139,47472066,47472213,1.0
chr14,47472426,47472353,47472500,1.0
chr14,47472660,47472587,47472734,1.0
chr14,47472808,47472735,47472882,1.0
chr14,47473084,47473011,47473158,1.0
chr14,47473267,47473194,47473341,1.0
chr14,47473435,47473362,47473509,1.0
chr14,47473587,47473514,47473661,1.0
chr14,47473735,47473662,47473809,1.0
chr14,47473883,47473810,47473957,1.0
chr14,47474031,47473958,47474105,1.0
chr14,47474297,47474224,47474371,1.0
chr14,47474445,47474372,47474519,1.0
chr14,47474658,47474585,47474732,1.0
chr14,47475151,47475078,47475225,1.0
chr14,47475316,47475243,47475390,1.0
chr14,47475485,47475412,47475559,1.0
chr14,47475749,47475676,47475823,1.0
chr14,47475897,47475824,47475971,1.0
chr14,47476058,47475985,47476132,1.0
chr14,47476240,47476167,47476314,1.0
chr14,47476468,47476395,47476542,1.0
chr14,47476663,47476590,47476737,1.0
chr14,47476934,47476861,47477008,1.0
chr14,47477082,47477009,47477156,1.0
chr14,47477247,47477174,47477321,1.0
chr14,47477405,47477332,47477479,1.0
chr14,47477606,47477533,47477680,1.0
chr14,47477818,47477745,47477892,1.0
chr14,47478002,47477929,47478076,1.0
chr14,47478279,47478206,47478353,1.0
chr14,47478473,47478400,47478547,1.0
chr14,47478661,47478588,47478735,1.0
chr14,47478809,47478736,47478883,1.0
chr14,47479091,47479018,47479165,1.0
chr14,47479239,47479166,47479313,1.0
chr14,47479556,47479483,47479630,1.0
chr14,47479728,47479655,47479802,1.0
chr14,47479877,47479804,47479951,1.0
chr14,47480128,47480055,47480202,1.0
chr14,47480316,47480243,47480390,1.0
chr14,47480524,47480451,47480598,1.0
chr14,47480701,47480628,47480775,1.0
chr14,47481011,47480938,47481085,1.0
chr14,47481159,47481086,47481233,1.0
chr14,47481308,47481235,47481382,1.0
chr14,47481458,47481385,47481532,1.0
chr14,47481619,47481546,47481693,1.0
chr14,47481767,47481694,47481841,1.0
chr14,47482015,47481942,47482089,1.0
chr14,47482169,47482096,47482243,1.0
chr14,47482346,47482273,47482420,1.0
chr14,47482510,47482437,47482584,1.0
chr14,47482729,47482656,47482803,1.0
chr14,47482979,47482906,47483053,1.0
chr14,47483208,47483135,47483282,1.0
chr14,47483389,47483316,47483463,1.0
chr14,47483559,47483486,47483633,1.0
chr14,47483868,47483795,47483942,1.0
chr14,47484033,47483960,47484107,1.0
chr14,47484225,47484152,47484299,1.0
chr14,47484374,47484301,47484448,1.0
chr14,47484727,47484654,47484801,1.0
chr14,47484915,47484842,47484989,1.0
chr14,47485128,47485055,47485202,1.0
chr14,47485314,47485241,47485388,1.0
chr14,47485462,47485389,47485536,1.0
chr14,47485688,47485615,47485762,1.0
chr14,47485844,47485771,47485918,1.0
chr14,47485992,47485919,47486066,1.0
chr14,47486288,47486215,47486362,1.0
chr14,47486708,47486635,47486782,1.0
chr14,47486896,47486823,47486970,1.0
chr14,47487065,47486992,47487139,1.0
chr14,47487213,47487140,47487287,1.0
chr14,47487435,47487362,47487509,1.0
chr14,47487702,47487629,47487776,1.0
chr14,47488073,47488000,47488147,1.0
chr14,47488593,47488520,47488667,1.0
chr14,47488871,47488798,47488945,1.0
chr14,47489085,47489012,47489159,1.0
chr14,47489549,47489476,47489623,1.0
chr14,47489715,47489642,47489789,1.0
chr14,47489913,47489840,47489987,1.0
chr14,47490094,47490021,47490168,1.0
chr14,47490259,47490186,47490333,1.0
chr14,47490572,47490499,47490646,1.0
chr14,47491029,47490956,47491103,1.0
chr14,47491208,47491135,47491282,1.0
chr14,47491450,47491377,47491524,1.0
chr14,47491608,47491535,47491682,1.0
chr14,47491880,47491807,47491954,1.0
chr14,47492160,47492087,47492234,1.0
chr14,47492371,47492298,47492445,1.0
chr14,47492519,47492446,47492593,1.0
chr14,47493361,47493288,47493435,1.0
chr14,47493744,47493671,47493818,1.0
chr14,47493973,47493900,47494047,1.0
chr14,47494320,47494247,47494394,1.0
chr14,47494468,47494395,47494542,1.0
chr14,47494660,47494587,47494734,1.0
chr14,47494808,47494735,47494882,1.0
chr14,47494960,47494887,47495034,1.0
chr14,47495257,47495184,47495331,1.0
chr14,47495489,47495416,47495563,1.0
chr14,47495637,47495564,47495711,1.0
chr14,47495785,47495712,47495859,1.0
chr14,47495993,47495920,47496067,1.0
chr14,47496195,47496122,47496269,1.0
chr14,47496343,47496270,47496417,1.0
chr14,47496494,47496421,47496568,1.0
chr14,47496766,47496693,47496840,1.0
chr14,47496914,47496841,47496988,1.0
chr14,47497095,47497022,47497169,1.0
chr14,47497243,47497170,47497317,1.0
chr14,47497421,47497348,47497495,1.0
chr14,47497621,47497548,47497695,1.0
chr14,47497769,47497696,47497843,1.0
chr14,47497923,47497850,47497997,1.0
chr14,47498072,47497999,47498146,1.0
chr14,47498338,47498265,47498412,1.0
chr14,47498486,47498413,47498560,1.0
chr14,47498717,47498644,47498791,1.0
chr14,47498865,47498792,47498939,1.0
chr14,47499013,47498940,47499087,1.0
chr14,47499257,47499184,47499331,1.0
chr14,47499431,47499358,47499505,1.0
chr14,47499603,47499530,47499677,1.0
chr14,47499753,47499680,47499827,1.0
chr14,47499939,47499866,47500013,1.0
chr14,47500144,47500071,47500218,1.0
chr14,47500432,47500359,47500506,1.0
chr14,47500627,47500554,47500701,1.0
chr14,47500810,47500737,47500884,1.0
chr14,47501249,47501176,47501323,1.0
chr14,47501487,47501414,47501561,1.0
chr14,47501979,47501906,47502053,1.0
chr14,47502341,47502268,47502415,1.0
chr14,47503039,47502966,47503113,1.0
chr14,47503379,47503306,47503453,1.0
chr14,47503861,47503788,47503935,1.0
chr14,47504378,47504305,47504452,1.0
chr14,47504543,47504470,47504617,1.0
chr14,47505008,47504935,47505082,1.0
chr14,47505281,47505208,47505355,1.0
chr14,47505732,47505659,47505806,1.0
chr14,47505880,47505807,47505954,1.0
chr14,47506048,47505975,47506122,1.0
chr14,47506266,47506193,47506340,1.0
chr14,47506643,47506570,47506717,1.0
chr14,47506891,47506818,47506965,1.0
chr14,47507041,47506968,47507115,1.0
chr14,47507246,47507173,47507320,1.0
chr14,47507449,47507376,47507523,1.0
chr14,47507772,47507699,47507846,1.0
chr14,47507997,47507924,47508071,1.0
chr14,47508163,47508090,47508237,1.0
chr14,47508605,47508532,47508679,1.0
chr14,47508887,47508814,47508961,1.0
chr14,47509084,47509011,47509158,1.0
chr14,47509255,47509182,47509329,1.0
chr14,47509420,47509347,47509494,1.0
chr14,47509620,47509547,47509694,1.0
chr14,47509768,47509695,47509842,1.0
chr14,47510059,47509986,47510133,1.0
chr14,47510208,47510135,47510282,1.0
chr14,47510380,47510307,47510454,1.0
chr14,47510541,47510468,47510615,1.0
chr14,47510694,47510621,47510768,1.0
chr14,47511041,47510968,47511115,1.0
chr14,47511189,47511116,47511263,1.0
chr14,47511337,47511264,47511411,1.0
chr14,47511618,47511545,47511692,1.0
chr14,47511831,47511758,47511905,1.0
chr14,47512098,47512025,47512172,1.0
chr14,47512259,47512186,47512333,1.0
chr14,47512407,47512334,47512481,1.0
chr14,47512689,47512616,47512763,1.0
chr14,47512837,47512764,47512911,1.0
chr14,47513006,47512933,47513080,1.0
chr14,47513279,47513206,47513353,1.0
chr14,47513657,47513584,47513731,1.0
chr14,47513862,47513789,47513936,1.0
chr14,47514010,47513937,47514084,1.0
chr14,47514221,47514148,47514295,1.0
chr14,47514370,47514297,47514444,1.0
chr14,47514638,47514565,47514712,1.0
chr14,47514786,47514713,47514860,1.0
chr14,47515089,47515016,47515163,1.0
chr14,47515239,47515166,47515313,1.0
chr14,47515461,47515388,47515535,1.0
chr14,47515610,47515537,47515684,1.0
chr14,47515758,47515685,47515832,1.0
chr14,47515976,47515903,47516050,1.0
chr14,47516139,47516066,47516213,1.0
chr14,47516389,47516316,47516463,1.0
chr14,47516627,47516554,47516701,1.0
chr14,47516785,47516712,47516859,1.0
chr14,47516933,47516860,47517007,1.0
chr14,47517195,47517122,47517269,1.0
chr14,47517532,47517459,47517606,1.0
chr14,47517697,47517624,47517771,1.0
chr14,47517911,47517838,47517985,1.0
chr14,47518075,47518002,47518149,1.0
chr14,47518223,47518150,47518297,1.0
chr14,47518386,47518313,47518460,1.0
chr14,47518536,47518463,47518610,1.0
chr14,47518687,47518614,47518761,1.0
chr14,47518961,47518888,47519035,1.0
chr14,47519151,47519078,47519225,1.0
chr14,47519465,47519392,47519539,1.0
chr14,47519987,47519914,47520061,1.0
chr14,47520221,47520148,47520295,1.0
chr14,47520407,47520334,47520481,1.0
chr14,47520565,47520492,47520639,1.0
chr14,47520778,47520705,47520852,1.0
chr14,47520988,47520915,47521062,1.0
chr14,47521154,47521081,47521228,1.0
chr14,47521380,47521307,47521454,1.0
chr14,47521640,47521567,47521714,1.0
chr14,47521881,47521808,47521955,1.0
chr14,47522058,47521985,47522132,1.0
chr14,47522211,47522138,47522285,1.0
chr14,47522414,47522341,47522488,1.0
chr14,47522625,47522552,47522699,1.0
chr14,47522774,47522701,47522848,1.0
chr14,47523037,47522964,47523111,1.0
chr14,47523243,47523170,47523317,1.0
chr14,47523526,47523453,47523600,1.0
chr14,47523695,47523622,47523769,1.0
chr14,47523914,47523841,47523988,1.0
chr14,47524165,47524092,47524239,1.0
chr14,47524324,47524251,47524398,1.0
chr14,47524654,47524581,47524728,1.0
chr14,47524877,47524804,47524951,1.0
chr14,47525182,47525109,47525256,1.0
chr14,47525445,47525372,47525519,1.0
chr14,47525701,47525628,47525775,1.0
chr14,47525911,47525838,47525985,1.0
chr14,47526059,47525986,47526133,1.0
chr14,47526296,47526223,47526370,1.0
chr14,47526476,47526403,47526550,1.0
chr14,47526624,47526551,47526698,1.0
chr14,47526870,47526797,47526944,1.0
chr14,47527045,47526972,47527119,1.0
chr14,47527248,47527175,47527322,1.0
chr14,47527718,47527645,47527792,1.0
chr14,47527913,47527840,47527987,1.0
chr14,47528092,47528019,47528166,1.0
chr14,47528355,47528282,47528429,1.0
chr14,47528668,47528595,47528742,1.0
chr14,47529407,47529334,47529481,1.0
chr14,47529556,47529483,47529630,1.0
chr14,47529780,47529707,47529854,1.0
chr14,47529929,47529856,47530003,1.0
chr14,47530138,47530065,47530212,1.0
chr14,47530416,47530343,47530490,1.0
chr14,47530564,47530491,47530638,1.0
chr14,47530764,47530691,47530838,1.0
chr14,47530926,47530853,47531000,1.0
chr14,47531096,47531023,47531170,1.0
chr14,47531244,47531171,47531318,1.0
chr14,47531454,47531381,47531528,1.0
chr14,47531648,47531575,47531722,1.0
chr14,47531800,47531727,47531874,1.0
chr14,47532086,47532013,47532160,1.0
chr14,47532310,47532237,47532384,1.0
chr14,47532458,47532385,47532532,1.0
chr14,47532773,47532700,47532847,1.0
chr14,47533112,47533039,47533186,1.0
chr14,47533439,47533366,47533513,1.0
chr14,47533587,47533514,47533661,1.0
chr14,47533841,47533768,47533915,1.0
chr14,47533990,47533917,47534064,1.0
chr14,47534223,47534150,47534297,1.0
chr14,47534373,47534300,47534447,1.0
chr14,47534730,47534657,47534804,1.0
chr14,47534878,47534805,47534952,1.0
chr14,47535126,47535053,47535200,1.0
chr14,47535298,47535225,47535372,1.0
chr14,47535616,47535543,47535690,1.0
chr14,47535772,47535699,47535846,1.0
chr14,47535921,47535848,47535995,1.0
chr14,47536151,47536078,47536225,1.0
chr14,47536299,47536226,47536373,1.0
chr14,47536516,47536443,47536590,1.0
chr14,47536721,47536648,47536795,1.0
chr14,47536869,47536796,47536943,1.0
chr14,47537019,47536946,47537093,1.0
chr14,47537367,47537294,47537441,1.0
chr14,47537649,47537576,47537723,1.0
chr14,47537959,47537886,47538033,1.0
chr14,47538291,47538218,47538365,1.0
chr14,47538439,47538366,47538513,1.0
chr14,47538721,47538648,47538795,1.0
chr14,47538870,47538797,47538944,1.0
chr14,47539288,47539215,47539362,1.0
chr14,47539531,47539458,47539605,1.0
chr14,47539763,47539690,47539837,1.0
chr14,47539948,47539875,47540022,1.0
chr14,47540142,47540069,47540216,1.0
chr14,47540290,47540217,47540364,1.0
chr14,47540512,47540439,47540586,1.0
chr14,47540662,47540589,47540736,1.0
chr14,47541115,47541042,47541189,1.0
chr14,47541301,47541228,47541375,1.0
chr14,47541570,47541497,47541644,1.0
chr14,47541721,47541648,47541795,1.0
chr14,47541901,47541828,47541975,1.0
chr14,47542049,47541976,47542123,1.0
chr14,47542233,47542160,47542307,1.0
chr14,47542405,47542332,47542479,1.0
chr14,47542659,47542586,47542733,1.0
chr14,47542807,47542734,47542881,1.0
chr14,47543065,47542992,47543139,1.0
chr14,47543366,47543293,47543440,1.0
chr14,47543567,47543494,47543641,1.0
chr14,47543810,47543737,47543884,1.0
chr14,47543973,47543900,47544047,1.0
chr14,47544244,47544171,47544318,1.0
chr14,47544573,47544500,47544647,1.0
chr14,47544728,47544655,47544802,1.0
chr14,47544981,47544908,47545055,1.0
chr14,47545129,47545056,47545203,1.0
chr14,47545277,47545204,47545351,1.0
chr14,47545547,47545474,47545621,1.0
chr14,47545753,47545680,47545827,1.0
chr14,47545907,47545834,47545981,1.0
chr14,47546108,47546035,47546182,1.0
chr14,47546297,47546224,47546371,1.0
chr14,47546472,47546399,47546546,1.0
chr14,47546628,47546555,47546702,1.0
chr14,47546901,47546828,47546975,1.0
chr14,47547090,47547017,47547164,1.0
chr14,47547395,47547322,47547469,1.0
chr14,47547574,47547501,47547648,1.0
chr14,47547792,47547719,47547866,1.0
chr14,47547978,47547905,47548052,1.0
chr14,47548132,47548059,47548206,1.0
chr14,47548367,47548294,47548441,1.0
chr14,47548581,47548508,47548655,1.0
chr14,47548813,47548740,47548887,1.0
chr14,47548961,47548888,47549035,1.0
chr14,47549128,47549055,47549202,1.0
chr14,47549322,47549249,47549396,1.0
chr14,47549600,47549527,47549674,1.0
chr14,47549749,47549676,47549823,1.0
chr14,47549993,47549920,47550067,1.0
chr14,47550147,47550074,47550221,1.0
chr14,47550295,47550222,47550369,1.0
chr14,47550472,47550399,47550546,1.0
chr14,47550726,47550653,47550800,1.0
chr14,47550888,47550815,47550962,1.0
chr14,47551394,47551321,47551468,1.0
chr14,47551593,47551520,47551667,1.0
chr14,47551830,47551757,47551904,1.0
chr14,47552206,47552133,47552280,1.0
chr14,47552488,47552415,47552562,1.0
chr14,47552918,47552845,47552992,1.0
chr14,47553066,47552993,47553140,1.0
chr14,47553381,47553308,47553455,1.0
chr14,47553559,47553486,47553633,1.0
chr14,47553827,47553754,47553901,1.0
chr14,47554194,47554121,47554268,1.0
chr14,47554385,47554312,47554459,1.0
chr14,47554703,47554630,47554777,1.0
chr14,47554936,47554863,47555010,1.0
chr14,47555207,47555134,47555281,1.0
chr14,47555357,47555284,47555431,1.0
chr14,47555727,47555654,47555801,1.0
chr14,47555941,47555868,47556015,1.0
chr14,47556187,47556114,47556261,1.0
chr14,47556351,47556278,47556425,1.0
chr14,47556502,47556429,47556576,1.0
chr14,47556782,47556709,47556856,1.0
chr14,47556935,47556862,47557009,1.0
chr14,47557529,47557456,47557603,1.0
chr14,47557769,47557696,47557843,1.0
chr14,47558043,47557970,47558117,1.0
chr14,47558191,47558118,47558265,1.0
chr14,47558382,47558309,47558456,1.0
chr14,47558548,47558475,47558622,1.0
chr14,47558869,47558796,47558943,1.0
chr14,47559029,47558956,47559103,1.0
chr14,47559180,47559107,47559254,1.0
chr14,47559460,47559387,47559534,1.0
chr14,47559613,47559540,47559687,1.0
chr14,47559798,47559725,47559872,1.0
chr14,47559946,47559873,47560020,1.0
chr14,47560183,47560110,47560257,1.0
chr14,47560525,47560452,47560599,1.0
chr14,47560673,47560600,47560747,1.0
chr14,47560837,47560764,47560911,1.0
chr14,47561296,47561223,47561370,1.0
chr14,47561615,47561542,47561689,1.0
chr14,47561790,47561717,47561864,1.0
chr14,47561955,47561882,47562029,1.0
chr14,47562148,47562075,47562222,1.0
chr14,47562314,47562241,47562388,1.0
chr14,47562606,47562533,47562680,1.0
chr14,47562891,47562818,47562965,1.0
chr14,47563092,47563019,47563166,1.0
chr14,47563344,47563271,47563418,1.0
chr14,47563558,47563485,47563632,1.0
chr14,47563721,47563648,47563795,1.0
chr14,47563881,47563808,47563955,1.0
chr14,47564184,47564111,47564258,1.0
chr14,47564356,47564283,47564430,1.0
chr14,47564700,47564627,47564774,1.0
chr14,47564855,47564782,47564929,1.0
chr14,47565163,47565090,47565237,1.0
chr14,47565314,47565241,47565388,1.0
chr14,47565463,47565390,47565537,1.0
chr14,47565626,47565553,47565700,1.0
chr14,47565780,47565707,47565854,1.0
chr14,47565928,47565855,47566002,1.0
chr14,47566076,47566003,47566150,1.0
chr14,47566259,47566186,47566333,1.0
chr14,47566408,47566335,47566482,1.0
chr14,47566556,47566483,47566630,1.0
chr14,47566746,47566673,47566820,1.0
chr14,47566894,47566821,47566968,1.0
chr14,47567344,47567271,47567418,1.0
chr14,47567730,47567657,47567804,1.0
chr14,47567906,47567833,47567980,1.0
chr14,47568112,47568039,47568186,1.0
chr14,47568339,47568266,47568413,1.0
chr14,47568726,47568653,47568800,1.0
chr14,47568888,47568815,47568962,1.0
chr14,47569125,47569052,47569199,1.0
chr14,47569274,47569201,47569348,1.0
chr14,47569481,47569408,47569555,1.0
chr14,47569712,47569639,47569786,1.0
chr14,47569968,47569895,47570042,1.0
chr14,47570237,47570164,47570311,1.0
chr14,47570413,47570340,47570487,1.0
chr14,47570665,47570592,47570739,1.0
chr14,47570901,47570828,47570975,1.0
chr14,47571083,47571010,47571157,1.0
chr14,47571231,47571158,47571305,1.0
chr14,47571471,47571398,47571545,1.0
chr14,47571619,47571546,47571693,1.0
chr14,47571878,47571805,47571952,1.0
chr14,47572063,47571990,47572137,1.0
chr14,47572364,47572291,47572438,1.0
chr14,47572643,47572570,47572717,1.0
chr14,47572817,47572744,47572891,1.0
chr14,47573003,47572930,47573077,1.0
chr14,47573467,47573394,47573541,1.0
chr14,47573732,47573659,47573806,1.0
chr14,47573913,47573840,47573987,1.0
chr14,47574061,47573988,47574135,1.0
chr14,47574232,47574159,47574306,1.0
chr14,47574529,47574456,47574603,1.0
chr14,47574709,47574636,47574783,1.0
chr14,47574918,47574845,47574992,1.0
chr14,47575205,47575132,47575279,1.0
chr14,47575353,47575280,47575427,1.0
chr14,47575514,47575441,47575588,1.0
chr14,47575682,47575609,47575756,1.0
chr14,47575831,47575758,47575905,1.0
chr14,47576158,47576085,47576232,1.0
chr14,47576325,47576252,47576399,1.0
chr14,47576553,47576480,47576627,1.0
chr14,47576708,47576635,47576782,1.0
chr14,47576982,47576909,47577056,1.0
chr14,47577177,47577104,47577251,1.0
chr14,47577343,47577270,47577417,1.0
chr14,47577541,47577468,47577615,1.0
chr14,47577908,47577835,47577982,1.0
chr14,47578151,47578078,47578225,1.0
chr14,47578367,47578294,47578441,1.0
chr14,47578618,47578545,47578692,1.0
chr14,47578824,47578751,47578898,1.0
chr14,47578972,47578899,47579046,1.0
chr14,47579137,47579064,47579211,1.0
chr14,47579412,47579339,47579486,1.0
chr14,47579586,47579513,47579660,1.0
chr14,47579789,47579716,47579863,1.0
chr14,47580000,47579927,47580074,1.0
chr14,47580148,47580075,47580222,1.0
chr14,47580315,47580242,47580389,1.0
chr14,47580542,47580469,47580616,1.0
chr14,47580743,47580670,47580817,1.0
chr14,47581092,47581019,47581166,1.0
chr14,47581297,47581224,47581371,1.0
chr14,47581473,47581400,47581547,1.0
chr14,47581713,47581640,47581787,1.0
chr14,47581861,47581788,47581935,1.0
chr14,47582155,47582082,47582229,1.0
chr14,47582375,47582302,47582449,1.0
chr14,47582604,47582531,47582678,1.0
chr14,47582993,47582920,47583067,1.0
chr14,47583249,47583176,47583323,1.0
chr14,47584288,47584215,47584362,1.0
chr14,47584732,47584659,47584806,1.0
chr14,47584906,47584833,47584980,1.0
chr14,47585054,47584981,47585128,1.0
chr14,47585202,47585129,47585276,1.0
chr14,47585438,47585365,47585512,1.0
chr14,47585652,47585579,47585726,1.0
chr14,47585803,47585730,47585877,1.0
chr14,47586016,47585943,47586090,1.0
chr14,47586240,47586167,47586314,1.0
chr14,47586458,47586385,47586532,1.0
chr14,47586660,47586587,47586734,1.0
chr14,47586985,47586912,47587059,1.0
chr14,47587235,47587162,47587309,1.0
chr14,47587401,47587328,47587475,1.0
chr14,47587562,47587489,47587636,1.0
chr14,47587711,47587638,47587785,1.0
chr14,47587988,47587915,47588062,1.0
chr14,47588181,47588108,47588255,1.0
chr14,47588395,47588322,47588469,1.0
chr14,47588544,47588471,47588618,1.0
chr14,47588926,47588853,47589000,1.0
chr14,47589074,47589001,47589148,1.0
chr14,47589244,47589171,47589318,1.0
chr14,47589392,47589319,47589466,1.0
chr14,47589559,47589486,47589633,1.0
chr14,47589708,47589635,47589782,1.0
chr14,47589916,47589843,47589990,1.0
chr14,47590064,47589991,47590138,1.0
chr14,47590310,47590237,47590384,1.0
chr14,47590539,47590466,47590613,1.0
chr14,47590688,47590615,47590762,1.0
chr14,47590896,47590823,47590970,1.0
chr14,47591049,47590976,47591123,1.0
chr14,47591277,47591204,47591351,1.0
chr14,47591425,47591352,47591499,1.0
chr14,47591592,47591519,47591666,1.0
chr14,47591819,47591746,47591893,1.0
chr14,47592106,47592033,47592180,1.0
chr14,47592282,47592209,47592356,1.0
chr14,47592487,47592414,47592561,1.0
chr14,47592635,47592562,47592709,1.0
chr14,47592956,47592883,47593030,1.0
chr14,47593155,47593082,47593229,1.0
chr14,47593458,47593385,47593532,1.0
chr14,47593745,47593672,47593819,1.0
chr14,47593978,47593905,47594052,1.0
chr14,47594126,47594053,47594200,1.0
chr14,47594500,47594427,47594574,1.0
chr14,47594654,47594581,47594728,1.0
chr14,47594809,47594736,47594883,1.0
chr14,47595105,47595032,47595179,1.0
chr14,47595253,47595180,47595327,1.0
chr14,47595500,47595427,47595574,1.0
chr14,47595648,47595575,47595722,1.0
chr14,47595827,47595754,47595901,1.0
chr14,47596042,47595969,47596116,1.0
chr14,47596249,47596176,47596323,1.0
chr14,47596446,47596373,47596520,1.0
chr14,47596640,47596567,47596714,1.0
chr14,47596943,47596870,47597017,1.0
chr14,47597180,47597107,47597254,1.0
chr14,47597328,47597255,47597402,1.0
chr14,47597562,47597489,47597636,1.0
chr14,47597783,47597710,47597857,1.0
chr14,47597960,47597887,47598034,1.0
chr14,47598133,47598060,47598207,1.0
chr14,47598422,47598349,47598496,1.0
chr14,47598613,47598540,47598687,1.0
chr14,47598774,47598701,47598848,1.0
chr14,47598922,47598849,47598996,1.0
chr14,47599122,47599049,47599196,1.0
chr14,47599368,47599295,47599442,1.0
chr14,47599530,47599457,47599604,1.0
chr14,47599707,47599634,47599781,1.0
chr14,47599953,47599880,47600027,1.0
chr14,47600199,47600126,47600273,1.0
chr14,47600379,47600306,47600453,1.0
chr14,47600617,47600544,47600691,1.0
chr14,47600787,47600714,47600861,1.0
chr14,47600998,47600925,47601072,1.0
chr14,47601158,47601085,47601232,1.0
chr14,47601373,47601300,47601447,1.0
chr14,47601558,47601485,47601632,1.0
chr14,47601833,47601760,47601907,1.0
chr14,47602056,47601983,47602130,1.0
chr14,47602314,47602241,47602388,1.0
chr14,47602660,47602587,47602734,1.0
chr14,47602886,47602813,47602960,1.0
chr14,47603092,47603019,47603166,1.0
chr14,47603240,47603167,47603314,1.0
chr14,47603389,47603316,47603463,1.0
chr14,47603620,47603547,47603694,1.0
chr14,47603944,47603871,47604018,1.0
chr14,47604104,47604031,47604178,1.0
chr14,47604252,47604179,47604326,1.0
chr14,47604400,47604327,47604474,1.0
chr14,47604605,47604532,47604679,1.0
chr14,47604791,47604718,47604865,1.0
chr14,47604939,47604866,47605013,1.0
chr14,47605087,47605014,47605161,1.0
chr14,47605273,47605200,47605347,1.0
chr14,47605421,47605348,47605495,1.0
chr14,47605911,47605838,47605985,1.0
chr14,47606154,47606081,47606228,1.0
chr14,47606380,47606307,47606454,1.0
chr14,47606570,47606497,47606644,1.0
chr14,47606718,47606645,47606792,1.0
chr14,47606866,47606793,47606940,1.0
chr14,47607073,47607000,47607147,1.0
chr14,47607221,47607148,47607295,1.0
chr14,47607434,47607361,47607508,1.0
chr14,47607703,47607630,47607777,1.0
chr14,47607969,47607896,47608043,1.0
chr14,47608117,47608044,47608191,1.0
chr14,47608388,47608315,47608462,1.0
chr14,47609540,47609467,47609614,1.0
chr14,47609734,47609661,47609808,1.0
chr14,47609948,47609875,47610022,1.0
chr14,47610133,47610060,47610207,1.0
chr14,47610281,47610208,47610355,1.0
chr14,47610494,47610421,47610568,1.0
chr14,47610667,47610594,47610741,1.0
chr14,47610857,47610784,47610931,1.0
chr14,47611039,47610966,47611113,1.0
chr14,47611192,47611119,47611266,1.0
chr14,47611346,47611273,47611420,1.0
chr14,47611613,47611540,47611687,1.0
chr14,47611798,47611725,47611872,1.0
chr14,47612145,47612072,47612219,1.0
chr14,47612384,47612311,47612458,1.0
chr14,47612632,47612559,47612706,1.0
chr14,47612822,47612749,47612896,1.0
chr14,47613048,47612975,47613122,1.0
chr14,47613214,47613141,47613288,1.0
chr14,47613771,47613698,47613845,1.0
chr14,47613919,47613846,47613993,1.0
chr14,47614091,47614018,47614165,1.0
chr14,47614250,47614177,47614324,1.0
chr14,47614492,47614419,47614566,1.0
chr14,47614640,47614567,47614714,1.0
chr14,47614796,47614723,47614870,1.0
chr14,47614963,47614890,47615037,1.0
chr14,47615244,47615171,47615318,1.0
chr14,47615397,47615324,47615471,1.0
chr14,47615667,47615594,47615741,1.0
chr14,47615876,47615803,47615950,1.0
chr14,47616169,47616096,47616243,1.0
chr14,47616354,47616281,47616428,1.0
chr14,47616503,47616430,47616577,1.0
chr14,47616783,47616710,47616857,1.0
chr14,47616931,47616858,47617005,1.0
chr14,47617127,47617054,47617201,1.0
chr14,47617275,47617202,47617349,1.0
chr14,47617424,47617351,47617498,1.0
chr14,47617644,47617571,47617718,1.0
chr14,47617794,47617721,47617868,1.0
chr14,47618022,47617949,47618096,1.0
chr14,47618299,47618226,47618373,1.0
chr14,47618447,47618374,47618521,1.0
chr14,47618638,47618565,47618712,1.0
chr14,47618786,47618713,47618860,1.0
chr14,47619052,47618979,47619126,1.0
chr14,47619226,47619153,47619300,1.0
chr14,47619502,47619429,47619576,1.0
chr14,47619650,47619577,47619724,1.0
chr14,47619973,47619900,47620047,1.0
chr14,47620405,47620332,47620479,1.0
chr14,47620570,47620497,47620644,1.0
chr14,47620816,47620743,47620890,1.0
chr14,47621012,47620939,47621086,1.0
chr14,47621233,47621160,47621307,1.0
chr14,47621497,47621424,47621571,1.0
chr14,47621729,47621656,47621803,1.0
chr14,47621912,47621839,47621986,1.0
chr14,47622192,47622119,47622266,1.0
chr14,47622379,47622306,47622453,1.0
chr14,47622542,47622469,47622616,1.0
chr14,47622699,47622626,47622773,1.0
chr14,47622847,47622774,47622921,1.0
chr14,47623081,47623008,47623155,1.0
chr14,47623229,47623156,47623303,1.0
chr14,47623548,47623475,47623622,1.0
chr14,47623697,47623624,47623771,1.0
chr14,47624007,47623934,47624081,1.0
chr14,47624321,47624248,47624395,1.0
chr14,47624469,47624396,47624543,1.0
chr14,47624648,47624575,47624722,1.0
chr14,47624811,47624738,47624885,1.0
chr14,47625089,47625016,47625163,1.0
chr14,47625741,47625668,47625815,1.0
chr14,47625889,47625816,47625963,1.0
chr14,47626045,47625972,47626119,1.0
chr14,47626223,47626150,47626297,1.0
chr14,47626461,47626388,47626535,1.0
chr14,47626671,47626598,47626745,1.0
chr14,47626942,47626869,47627016,1.0
chr14,47627146,47627073,47627220,1.0
chr14,47627382,47627309,47627456,1.0
chr14,47627568,47627495,47627642,1.0
chr14,47627865,47627792,47627939,1.0
chr14,47628013,47627940,47628087,1.0
chr14,47628161,47628088,47628235,1.0
chr14,47628481,47628408,47628555,1.0
chr14,47628660,47628587,47628734,1.0
chr14,47628869,47628796,47628943,1.0
chr14,47629117,47629044,47629191,1.0
chr14,47629278,47629205,47629352,1.0
chr14,47629426,47629353,47629500,1.0
chr14,47629600,47629527,47629674,1.0
chr14,47629778,47629705,47629852,1.0
chr14,47629937,47629864,47630011,1.0
chr14,47630305,47630232,47630379,1.0
chr14,47630461,47630388,47630535,1.0
chr14,47630705,47630632,47630779,1.0
chr14,47630853,47630780,47630927,1.0
chr14,47631002,47630929,47631076,1.0
chr14,47631169,47631096,47631243,1.0
chr14,47631323,47631250,47631397,1.0
chr14,47631536,47631463,47631610,1.0
chr14,47631684,47631611,47631758,1.0
chr14,47631861,47631788,47631935,1.0
chr14,47632009,47631936,47632083,1.0
chr14,47632158,47632085,47632232,1.0
chr14,47632416,47632343,47632490,1.0
chr14,47632578,47632505,47632652,1.0
chr14,47632746,47632673,47632820,1.0
chr14,47632939,47632866,47633013,1.0
chr14,47633166,47633093,47633240,1.0
chr14,47633329,47633256,47633403,1.0
chr14,47633628,47633555,47633702,1.0
chr14,47633783,47633710,47633857,1.0
chr14,47634235,47634162,47634309,1.0
chr14,47634408,47634335,47634482,1.0
chr14,47634631,47634558,47634705,1.0
chr14,47634919,47634846,47634993,1.0
chr14,47635167,47635094,47635241,1.0
chr14,47635369,47635296,47635443,1.0
chr14,47635530,47635457,47635604,1.0
chr14,47635721,47635648,47635795,1.0
chr14,47635869,47635796,47635943,1.0
chr14,47636070,47635997,47636144,1.0
chr14,47636365,47636292,47636439,1.0
chr14,47636530,47636457,47636604,1.0
chr14,47636723,47636650,47636797,1.0
chr14,47637056,47636983,47637130,1.0
chr14,47637237,47637164,47637311,1.0
chr14,47637385,47637312,47637459,1.0
chr14,47637549,47637476,47637623,1.0
chr14,47637764,47637691,47637838,1.0
chr14,47637934,47637861,47638008,1.0
chr14,47638098,47638025,47638172,1.0
chr14,47638249,47638176,47638323,1.0
chr14,47638412,47638339,47638486,1.0
chr14,47638676,47638603,47638750,1.0
chr14,47638824,47638751,47638898,1.0
chr14,47638984,47638911,47639058,1.0
chr14,47639140,47639067,47639214,1.0
chr14,47639309,47639236,47639383,1.0
chr14,47639457,47639384,47639531,1.0
chr14,47639605,47639532,47639679,1.0
chr14,47639781,47639708,47639855,1.0
chr14,47639964,47639891,47640038,1.0
chr14,47640130,47640057,47640204,1.0
chr14,47640278,47640205,47640352,1.0
chr14,47640565,47640492,47640639,1.0
chr14,47640933,47640860,47641007,1.0
chr14,47641091,47641018,47641165,1.0
chr14,47641413,47641340,47641487,1.0
chr14,47641599,47641526,47641673,1.0
chr14,47641755,47641682,47641829,1.0
chr14,47642035,47641962,47642109,1.0
chr14,47642202,47642129,47642276,1.0
chr14,47642391,47642318,47642465,1.0
chr14,47642553,47642480,47642627,1.0
chr14,47642701,47642628,47642775,1.0
chr14,47642932,47642859,47643006,1.0
chr14,47643080,47643007,47643154,1.0
chr14,47643324,47643251,47643398,1.0
chr14,47643483,47643410,47643557,1.0
chr14,47643668,47643595,47643742,1.0
chr14,47643836,47643763,47643910,1.0
chr14,47644031,47643958,47644105,1.0
chr14,47644218,47644145,47644292,1.0
chr14,47644367,47644294,47644441,1.0
chr14,47644559,47644486,47644633,1.0
chr14,47644707,47644634,47644781,1.0
chr14,47644971,47644898,47645045,1.0
chr14,47645199,47645126,47645273,1.0
chr14,47645347,47645274,47645421,1.0
chr14,47645546,47645473,47645620,1.0
chr14,47645694,47645621,47645768,1.0
chr14,47646067,47645994,47646141,1.0
chr14,47646528,47646455,47646602,1.0
chr14,47646758,47646685,47646832,1.0
chr14,47647134,47647061,47647208,1.0
chr14,47647339,47647266,47647413,1.0
chr14,47647538,47647465,47647612,1.0
chr14,47647710,47647637,47647784,1.0
chr14,47647940,47647867,47648014,1.0
chr14,47648091,47648018,47648165,1.0
chr14,47648239,47648166,47648313,1.0
chr14,47648397,47648324,47648471,1.0
chr14,47648545,47648472,47648619,1.0
chr14,47648718,47648645,47648792,1.0
chr14,47648927,47648854,47649001,1.0
chr14,47649156,47649083,47649230,1.0
chr14,47649308,47649235,47649382,1.0
chr14,47649518,47649445,47649592,1.0
chr14,47649673,47649600,47649747,1.0
chr14,47650045,47649972,47650119,1.0
chr14,47650231,47650158,47650305,1.0
chr14,47650508,47650435,47650582,1.0
chr14,47650660,47650587,47650734,1.0
chr14,47650853,47650780,47650927,1.0
chr14,47651076,47651003,47651150,1.0
chr14,47651250,47651177,47651324,1.0
chr14,47651427,47651354,47651501,1.0
chr14,47651685,47651612,47651759,1.0
chr14,47652163,47652090,47652237,1.0
chr14,47652395,47652322,47652469,1.0
chr14,47652585,47652512,47652659,1.0
chr14,47652802,47652729,47652876,1.0
chr14,47653005,47652932,47653079,1.0
chr14,47653290,47653217,47653364,1.0
chr14,47653474,47653401,47653548,1.0
chr14,47653873,47653800,47653947,1.0
chr14,47654021,47653948,47654095,1.0
chr14,47654193,47654120,47654267,1.0
chr14,47654347,47654274,47654421,1.0
chr14,47654552,47654479,47654626,1.0
chr14,47654884,47654811,47654958,1.0
chr14,47655120,47655047,47655194,1.0
chr14,47655279,47655206,47655353,1.0
chr14,47655427,47655354,47655501,1.0
chr14,47655597,47655524,47655671,1.0
chr14,47655778,47655705,47655852,1.0
chr14,47655950,47655877,47656024,1.0
chr14,47656098,47656025,47656172,1.0
chr14,47656305,47656232,47656379,1.0
chr14,47656453,47656380,47656527,1.0
chr14,47656601,47656528,47656675,1.0
chr14,47656814,47656741,47656888,1.0
chr14,47657011,47656938,47657085,1.0
chr14,47657281,47657208,47657355,1.0
chr14,47657434,47657361,47657508,1.0
chr14,47657582,47657509,47657656,1.0
chr14,47657742,47657669,47657816,1.0
chr14,47657952,47657879,47658026,1.0
chr14,47658100,47658027,47658174,1.0
chr14,47658451,47658378,47658525,1.0
chr14,47658682,47658609,47658756,1.0
chr14,47658830,47658757,47658904,1.0
chr14,47659018,47658945,47659092,1.0
chr14,47659274,47659201,47659348,1.0
chr14,47659423,47659350,47659497,1.0
chr14,47659799,47659726,47659873,1.0
chr14,47659947,47659874,47660021,1.0
chr14,47660095,47660022,47660169,1.0
chr14,47660386,47660313,47660460,1.0
chr14,47660605,47660532,47660679,1.0
chr14,47660786,47660713,47660860,1.0
chr14,47660934,47660861,47661008,1.0
chr14,47661235,47661162,47661309,1.0
chr14,47661383,47661310,47661457,1.0
chr14,47661588,47661515,47661662,1.0
chr14,47661769,47661696,47661843,1.0
chr14,47662001,47661928,47662075,1.0
chr14,47662149,47662076,47662223,1.0
chr14,47662386,47662313,47662460,1.0
chr14,47662591,47662518,47662665,1.0
chr14,47662788,47662715,47662862,1.0
chr14,47662936,47662863,47663010,1.0
chr14,47663140,47663067,47663214,1.0
chr14,47663313,47663240,47663387,1.0
chr14,47663464,47663391,47663538,1.0
chr14,47663666,47663593,47663740,1.0
chr14,47663814,47663741,47663888,1.0
chr14,47663969,47663896,47664043,1.0
chr14,47664210,47664137,47664284,1.0
chr14,47664358,47664285,47664432,1.0
chr14,47664537,47664464,47664611,1.0
chr14,47664952,47664879,47665026,1.0
chr14,47665159,47665086,47665233,1.0
chr14,47665308,47665235,47665382,1.0
chr14,47665637,47665564,47665711,1.0
chr14,47665785,47665712,47665859,1.0
chr14,47665935,47665862,47666009,1.0
chr14,47666095,47666022,47666169,1.0
chr14,47666477,47666404,47666551,1.0
chr14,47666657,47666584,47666731,1.0
chr14,47666814,47666741,47666888,1.0
chr14,47667108,47667035,47667182,1.0
chr14,47667347,47667274,47667421,1.0
chr14,47667558,47667485,47667632,1.0
chr14,47667706,47667633,47667780,1.0
chr14,47667885,47667812,47667959,1.0
chr14,47668132,47668059,47668206,1.0
chr14,47668413,47668340,47668487,1.0
chr14,47668684,47668611,47668758,1.0
chr14,47668840,47668767,47668914,1.0
chr14,47668999,47668926,47669073,1.0
chr14,47669147,47669074,47669221,1.0
chr14,47669348,47669275,47669422,1.0
chr14,47669536,47669463,47669610,1.0
chr14,47669794,47669721,47669868,1.0
chr14,47669945,47669872,47670019,1.0
chr14,47670093,47670020,47670167,1.0
chr14,47670386,47670313,47670460,1.0
chr14,47670534,47670461,47670608,1.0
chr14,47670696,47670623,47670770,1.0
chr14,47670895,47670822,47670969,1.0
chr14,47671373,47671300,47671447,1.0
chr14,47671547,47671474,47671621,1.0
chr14,47671695,47671622,47671769,1.0
chr14,47671967,47671894,47672041,1.0
chr14,47672157,47672084,47672231,1.0
chr14,47672305,47672232,47672379,1.0
chr14,47672584,47672511,47672658,1.0
chr14,47672782,47672709,47672856,1.0
chr14,47672975,47672902,47673049,1.0
chr14,47673147,47673074,47673221,1.0
chr14,47673296,47673223,47673370,1.0
chr14,47673541,47673468,47673615,1.0
chr14,47673714,47673641,47673788,1.0
chr14,47673879,47673806,47673953,1.0
chr14,47674043,47673970,47674117,1.0
chr14,47674194,47674121,47674268,1.0
chr14,47674490,47674417,47674564,1.0
chr14,47674676,47674603,47674750,1.0
chr14,47674835,47674762,47674909,1.0
chr14,47675112,47675039,47675186,1.0
chr14,47675323,47675250,47675397,1.0
chr14,47675487,47675414,47675561,1.0
chr14,47675635,47675562,47675709,1.0
chr14,47675842,47675769,47675916,1.0
chr14,47676143,47676070,47676217,1.0
chr14,47676330,47676257,47676404,1.0
chr14,47676598,47676525,47676672,1.0
chr14,47676746,47676673,47676820,1.0
chr14,47677002,47676929,47677076,1.0
chr14,47677175,47677102,47677249,1.0
chr14,47677323,47677250,47677397,1.0
chr14,47677503,47677430,47677577,1.0
chr14,47677662,47677589,47677736,1.0
chr14,47677810,47677737,47677884,1.0
chr14,47678073,47678000,47678147,1.0
chr14,47678242,47678169,47678316,1.0
chr14,47678455,47678382,47678529,1.0
chr14,47678680,47678607,47678754,1.0
chr14,47678875,47678802,47678949,1.0
chr14,47679096,47679023,47679170,1.0
chr14,47679298,47679225,47679372,1.0
chr14,47679473,47679400,47679547,1.0
chr14,47679736,47679663,47679810,1.0
chr14,47679900,47679827,47679974,1.0
chr14,47680334,47680261,47680408,1.0
chr14,47680552,47680479,47680626,1.0
chr14,47680727,47680654,47680801,1.0
chr14,47680891,47680818,47680965,1.0
chr14,47681435,47681362,47681509,1.0
chr14,47682251,47682178,47682325,1.0
chr14,47682431,47682358,47682505,1.0
chr14,47682753,47682680,47682827,1.0
chr14,47682930,47682857,47683004,1.0
chr14,47683271,47683198,47683345,1.0
chr14,47683465,47683392,47683539,1.0
chr14,47683701,47683628,47683775,1.0
chr14,47683968,47683895,47684042,1.0
chr14,47684116,47684043,47684190,1.0
chr14,47684264,47684191,47684338,1.0
chr14,47684413,47684340,47684487,1.0
chr14,47684670,47684597,47684744,1.0
chr14,47684945,47684872,47685019,1.0
chr14,47685137,47685064,47685211,1.0
chr14,47685375,47685302,47685449,1.0
chr14,47685542,47685469,47685616,1.0
chr14,47685794,47685721,47685868,1.0
chr14,47685944,47685871,47686018,1.0
chr14,47686145,47686072,47686219,1.0
chr14,47686446,47686373,47686520,1.0
chr14,47686616,47686543,47686690,1.0
chr14,47686764,47686691,47686838,1.0
chr14,47686915,47686842,47686989,1.0
chr14,47687072,47686999,47687146,1.0
chr14,47687237,47687164,47687311,1.0
chr14,47687663,47687590,47687737,1.0
chr14,47687811,47687738,47687885,1.0
chr14,47687959,47687886,47688033,1.0
chr14,47688137,47688064,47688211,1.0
chr14,47688313,47688240,47688387,1.0
chr14,47688568,47688495,47688642,1.0
chr14,47688803,47688730,47688877,1.0
chr14,47688962,47688889,47689036,1.0
chr14,47689110,47689037,47689184,1.0
chr14,47689447,47689374,47689521,1.0
chr14,47689730,47689657,47689804,1.0
chr14,47689880,47689807,47689954,1.0
chr14,47690030,47689957,47690104,1.0
chr14,47690178,47690105,47690252,1.0
chr14,47690404,47690331,47690478,1.0
chr14,47690667,47690594,47690741,1.0
chr14,47690867,47690794,47690941,1.0
chr14,47691144,47691071,47691218,1.0
chr14,47691380,47691307,47691454,1.0
chr14,47691565,47691492,47691639,1.0
chr14,47691864,47691791,47691938,1.0
chr14,47692012,47691939,47692086,1.0
chr14,47692324,47692251,47692398,1.0
chr14,47692613,47692540,47692687,1.0
chr14,47692900,47692827,47692974,1.0
chr14,47693235,47693162,47693309,1.0
chr14,47693655,47693582,47693729,1.0
chr14,47694018,47693945,47694092,1.0
chr14,47694166,47694093,47694240,1.0
chr14,47694314,47694241,47694388,1.0
chr14,47694515,47694442,47694589,1.0
chr14,47694741,47694668,47694815,1.0
chr14,47695154,47695081,47695228,1.0
chr14,47695485,47695412,47695559,1.0
chr14,47695826,47695753,47695900,1.0
chr14,47696035,47695962,47696109,1.0
chr14,47696343,47696270,47696417,1.0
chr14,47696552,47696479,47696626,1.0
chr14,47696717,47696644,47696791,1.0
chr14,47696938,47696865,47697012,1.0
chr14,47697162,47697089,47697236,1.0
chr14,47697323,47697250,47697397,1.0
chr14,47697471,47697398,47697545,1.0
chr14,47697692,47697619,47697766,1.0
chr14,47697841,47697768,47697915,1.0
chr14,47697990,47697917,47698064,1.0
chr14,47698138,47698065,47698212,1.0
chr14,47698289,47698216,47698363,1.0
chr14,47698574,47698501,47698648,1.0
chr14,47698759,47698686,47698833,1.0
chr14,47699156,47699083,47699230,1.0
chr14,47699471,47699398,47699545,1.0
chr14,47699619,47699546,47699693,1.0
chr14,47699882,47699809,47699956,1.0
chr14,47700051,47699978,47700125,1.0
chr14,47700199,47700126,47700273,1.0
chr14,47700379,47700306,47700453,1.0
chr14,47700602,47700529,47700676,1.0
chr14,47700861,47700788,47700935,1.0
chr14,47701034,47700961,47701108,1.0
chr14,47701272,47701199,47701346,1.0
chr14,47701441,47701368,47701515,1.0
chr14,47701610,47701537,47701684,1.0
chr14,47701758,47701685,47701832,1.0
chr14,47701912,47701839,47701986,1.0
chr14,47702068,47701995,47702142,1.0
chr14,47702244,47702171,47702318,1.0
chr14,47702399,47702326,47702473,1.0
chr14,47702548,47702475,47702622,1.0
chr14,47702753,47702680,47702827,1.0
chr14,47703016,47702943,47703090,1.0
chr14,47703174,47703101,47703248,1.0
chr14,47703333,47703260,47703407,1.0
chr14,47703546,47703473,47703620,1.0
chr14,47703813,47703740,47703887,1.0
chr14,47703983,47703910,47704057,1.0
chr14,47704304,47704231,47704378,1.0
chr14,47704452,47704379,47704526,1.0
chr14,47704600,47704527,47704674,1.0
chr14,47704843,47704770,47704917,1.0
chr14,47705007,47704934,47705081,1.0
chr14,47705291,47705218,47705365,1.0
chr14,47705454,47705381,47705528,1.0
chr14,47705719,47705646,47705793,1.0
chr14,47705978,47705905,47706052,1.0
chr14,47706213,47706140,47706287,1.0
chr14,47706682,47706609,47706756,1.0
chr14,47706832,47706759,47706906,1.0
chr14,47706980,47706907,47707054,1.0
chr14,47707128,47707055,47707202,1.0
chr14,47707292,47707219,47707366,1.0
chr14,47707492,47707419,47707566,1.0
chr14,47707648,47707575,47707722,1.0
chr14,47707798,47707725,47707872,1.0
chr14,47708002,47707929,47708076,1.0
chr14,47708173,47708100,47708247,1.0
chr14,47708321,47708248,47708395,1.0
chr14,47708528,47708455,47708602,1.0
chr14,47708780,47708707,47708854,1.0
chr14,47709032,47708959,47709106,1.0
chr14,47709390,47709317,47709464,1.0
chr14,47709539,47709466,47709613,1.0
chr14,47709866,47709793,47709940,1.0
chr14,47710049,47709976,47710123,1.0
chr14,47710218,47710145,47710292,1.0
chr14,47710577,47710504,47710651,1.0
chr14,47710752,47710679,47710826,1.0
chr14,47710969,47710896,47711043,1.0
chr14,47711202,47711129,47711276,1.0
chr14,47711422,47711349,47711496,1.0
chr14,47711596,47711523,47711670,1.0
chr14,47711776,47711703,47711850,1.0
chr14,47711958,47711885,47712032,1.0
chr14,47712245,47712172,47712319,1.0
chr14,47712470,47712397,47712544,1.0
chr14,47712644,47712571,47712718,1.0
chr14,47712792,47712719,47712866,1.0
chr14,47713044,47712971,47713118,1.0
chr14,47713525,47713452,47713599,1.0
chr14,47713673,47713600,47713747,1.0
chr14,47713822,47713749,47713896,1.0
chr14,47714098,47714025,47714172,1.0
chr14,47714384,47714311,47714458,1.0
chr14,47714679,47714606,47714753,1.0
chr14,47714955,47714882,47715029,1.0
chr14,47715183,47715110,47715257,1.0
chr14,47715528,47715455,47715602,1.0
chr14,47715679,47715606,47715753,1.0
chr14,47715890,47715817,47715964,1.0
chr14,47716048,47715975,47716122,1.0
chr14,47716317,47716244,47716391,1.0
chr14,47716505,47716432,47716579,1.0
chr14,47716706,47716633,47716780,1.0
chr14,47716854,47716781,47716928,1.0
chr14,47717002,47716929,47717076,1.0
chr14,47717230,47717157,47717304,1.0
chr14,47717921,47717848,47717995,1.0
chr14,47718170,47718097,47718244,1.0
chr14,47718318,47718245,47718392,1.0
chr14,47718674,47718601,47718748,1.0
chr14,47718845,47718772,47718919,1.0
chr14,47719020,47718947,47719094,1.0
chr14,47719406,47719333,47719480,1.0
chr14,47719554,47719481,47719628,1.0
chr14,47719774,47719701,47719848,1.0
chr14,47720023,47719950,47720097,1.0
chr14,47720301,47720228,47720375,1.0
chr14,47720449,47720376,47720523,1.0
chr14,47720597,47720524,47720671,1.0
chr14,47721008,47720935,47721082,1.0
chr14,47721213,47721140,47721287,1.0
chr14,47721488,47721415,47721562,1.0
chr14,47721648,47721575,47721722,1.0
chr14,47722003,47721930,47722077,1.0
chr14,47722320,47722247,47722394,1.0
chr14,47722527,47722454,47722601,1.0
chr14,47722714,47722641,47722788,1.0
chr14,47722989,47722916,47723063,1.0
chr14,47723137,47723064,47723211,1.0
chr14,47723387,47723314,47723461,1.0
chr14,47723579,47723506,47723653,1.0
chr14,47724039,47723966,47724113,1.0
chr14,47724316,47724243,47724390,1.0
chr14,47724540,47724467,47724614,1.0
chr14,47724742,47724669,47724816,1.0
chr14,47725144,47725071,47725218,1.0
chr14,47725292,47725219,47725366,1.0
chr14,47725443,47725370,47725517,1.0
chr14,47725754,47725681,47725828,1.0
chr14,47725921,47725848,47725995,1.0
chr14,47726150,47726077,47726224,1.0
chr14,47726352,47726279,47726426,1.0
chr14,47726860,47726787,47726934,1.0
chr14,47727140,47727067,47727214,1.0
chr14,47727364,47727291,47727438,1.0
chr14,47727562,47727489,47727636,1.0
chr14,47727758,47727685,47727832,1.0
chr14,47727907,47727834,47727981,1.0
chr14,47728078,47728005,47728152,1.0
chr14,47728228,47728155,47728302,1.0
chr14,47728459,47728386,47728533,1.0
chr14,47728725,47728652,47728799,1.0
chr14,47728979,47728906,47729053,1.0
chr14,47729156,47729083,47729230,1.0
chr14,47729426,47729353,47729500,1.0
chr14,47729584,47729511,47729658,1.0
chr14,47730053,47729980,47730127,1.0
chr14,47730468,47730395,47730542,1.0
chr14,47730645,47730572,47730719,1.0
chr14,47730822,47730749,47730896,1.0
chr14,47731210,47731137,47731284,1.0
chr14,47731388,47731315,47731462,1.0
chr14,47731536,47731463,47731610,1.0
chr14,47731827,47731754,47731901,1.0
chr14,47732045,47731972,47732119,1.0
chr14,47732193,47732120,47732267,1.0
chr14,47732514,47732441,47732588,1.0
chr14,47732862,47732789,47732936,1.0
chr14,47733010,47732937,47733084,1.0
chr14,47733316,47733243,47733390,1.0
chr14,47733556,47733483,47733630,1.0
chr14,47734029,47733956,47734103,1.0
chr14,47734454,47734381,47734528,1.0
chr14,47734650,47734577,47734724,1.0
chr14,47734823,47734750,47734897,1.0
chr14,47735065,47734992,47735139,1.0
chr14,47735232,47735159,47735306,1.0
chr14,47735452,47735379,47735526,1.0
chr14,47735600,47735527,47735674,1.0
chr14,47735939,47735866,47736013,1.0
chr14,47736151,47736078,47736225,1.0
chr14,47736328,47736255,47736402,1.0
chr14,47736526,47736453,47736600,1.0
chr14,47736745,47736672,47736819,1.0
chr14,47736893,47736820,47736967,1.0
chr14,47737128,47737055,47737202,1.0
chr14,47737413,47737340,47737487,1.0
chr14,47737561,47737488,47737635,1.0
chr14,47737709,47737636,47737783,1.0
chr14,47737857,47737784,47737931,1.0
chr14,47738132,47738059,47738206,1.0
chr14,47738655,47738582,47738729,1.0
chr14,47739146,47739073,47739220,1.0
chr14,47739699,47739626,47739773,1.0
chr14,47739864,47739791,47739938,1.0
chr14,47740012,47739939,47740086,1.0
chr14,47740161,47740088,47740235,1.0
chr14,47740345,47740272,47740419,1.0
chr14,47740493,47740420,47740567,1.0
chr14,47740644,47740571,47740718,1.0
chr14,47740914,47740841,47740988,1.0
chr14,47741186,47741113,47741260,1.0
chr14,47741344,47741271,47741418,1.0
chr14,47741575,47741502,47741649,1.0
chr14,47741826,47741753,47741900,1.0
chr14,47742201,47742128,47742275,1.0
chr14,47742364,47742291,47742438,1.0
chr14,47742555,47742482,47742629,1.0
chr14,47742835,47742762,47742909,1.0
chr14,47743001,47742928,47743075,1.0
chr14,47743155,47743082,47743229,1.0
chr14,47743303,47743230,47743377,1.0
chr14,47743628,47743555,47743702,1.0
chr14,47743853,47743780,47743927,1.0
chr14,47744001,47743928,47744075,1.0
chr14,47744646,47744573,47744720,1.0
chr14,47744878,47744805,47744952,1.0
chr14,47745187,47745114,47745261,1.0
chr14,47745335,47745262,47745409,1.0
chr14,47745542,47745469,47745616,1.0
chr14,47745749,47745676,47745823,1.0
chr14,47746151,47746078,47746225,1.0
chr14,47746319,47746246,47746393,1.0
chr14,47746544,47746471,47746618,1.0
chr14,47746705,47746632,47746779,1.0
chr14,47747028,47746955,47747102,1.0
chr14,47747183,47747110,47747257,1.0
chr14,47747394,47747321,47747468,1.0
chr14,47747585,47747512,47747659,1.0
chr14,47747810,47747737,47747884,1.0
chr14,47747968,47747895,47748042,1.0
chr14,47748331,47748258,47748405,1.0
chr14,47748521,47748448,47748595,1.0
chr14,47748674,47748601,47748748,1.0
chr14,47748848,47748775,47748922,1.0
chr14,47749015,47748942,47749089,1.0
chr14,47749194,47749121,47749268,1.0
chr14,47749576,47749503,47749650,1.0
chr14,47749919,47749846,47749993,1.0
chr14,47750067,47749994,47750141,1.0
